,id,created_utc,body_markdown,body_html,author,score
0,k3gl8a0,1696442584.0,"https://chat.whatsapp.com/FE4klWAub8uJiORK3ehPPZ
if anyone wants to join the best coding community","<div class=""md""><p><a href=""https://chat.whatsapp.com/FE4klWAub8uJiORK3ehPPZ"">https://chat.whatsapp.com/FE4klWAub8uJiORK3ehPPZ</a>
if anyone wants to join the best coding community</p>
</div>",Next_Construction888,1
1,k02uvjf,1694415059.0,"Uhh, i am looking for some free resources to study Computation Theory, Automata Theory and Complexity Theory","<div class=""md""><p>Uhh, i am looking for some free resources to study Computation Theory, Automata Theory and Complexity Theory</p>
</div>",0xParthS,1
2,k11w28o,1694991716.0,"I graduated with my bachelor's degree in computer science in 2021 and my current employer offers tuition reimbursement. I know that I want to pursue ai/machine learning/deep learning and I need to improve my knowledge of those topics before I even apply for graduate school. Are there any good youtube channels that people would recommend for artificial intelligence, machine learning, and deep learning? Or maybe even courses on udemy or coursera?","<div class=""md""><p>I graduated with my bachelor&#39;s degree in computer science in 2021 and my current employer offers tuition reimbursement. I know that I want to pursue ai/machine learning/deep learning and I need to improve my knowledge of those topics before I even apply for graduate school. Are there any good youtube channels that people would recommend for artificial intelligence, machine learning, and deep learning? Or maybe even courses on udemy or coursera?</p>
</div>",Frick-Fracker73,1
3,k36v1al,1696278609.0,"
Hey im juniar secondery school major computer science  we study math and phycis and ofcourse compscience
We start  study trigonometric suites(Sequential) champ electrique(electric field )
i need advice about books to learn and espically to understand the science behind physics ,math,compscience that help me to be  great computer engineer espically in 
physics i find it very confusing","<div class=""md""><p>Hey im juniar secondery school major computer science  we study math and phycis and ofcourse compscience
We start  study trigonometric suites(Sequential) champ electrique(electric field )
i need advice about books to learn and espically to understand the science behind physics ,math,compscience that help me to be  great computer engineer espically in 
physics i find it very confusing</p>
</div>",Substantial_Dress223,1
4,jbo89ru,1678455934.0,Can someone recommend a good book on advanced data structure(more advanced than CLRS)?,"<div class=""md""><p>Can someone recommend a good book on advanced data structure(more advanced than CLRS)?</p>
</div>",haircut_giver,1
5,jv7toro,1691444655.0,"Hello everyone üëã

I will maybe join a new team responsible for the search engine of our application.

I am looking for resources and books about this subject if you have any.

Thanks a lot !","<div class=""md""><p>Hello everyone üëã</p>

<p>I will maybe join a new team responsible for the search engine of our application.</p>

<p>I am looking for resources and books about this subject if you have any.</p>

<p>Thanks a lot !</p>
</div>",Mayalabielle,1
6,jlh3b73,1684960072.0,"Best place to practice system design interviews? [Hello Interview](https://www.hellointerview.com/?utm_source=reddit&utm_medium=cs)  


Like leetcode for SD","<div class=""md""><p>Best place to practice system design interviews? <a href=""https://www.hellointerview.com/?utm_source=reddit&amp;utm_medium=cs"">Hello Interview</a>  </p>

<p>Like leetcode for SD</p>
</div>",BluebirdAway5246,1
7,jt3nszs,1690103557.0,I need some resources to get me started with DSP and Embedded systems. Thank you!,"<div class=""md""><p>I need some resources to get me started with DSP and Embedded systems. Thank you!</p>
</div>",son_of_Gib,1
8,j7mj543,1675806239.0,I‚Äôd like to have a good and free course of machine learning. Someone can help?,"<div class=""md""><p>I‚Äôd like to have a good and free course of machine learning. Someone can help?</p>
</div>",beavec,1
9,jln8qcj,1685065253.0,"I‚Äôm always interested in reading books from the earlier days, I love to see the similarities and differences over time, if anyone has any good recs lmk!","<div class=""md""><p>I‚Äôm always interested in reading books from the earlier days, I love to see the similarities and differences over time, if anyone has any good recs lmk!</p>
</div>",Ok-girlboss3,1
10,jkpkaxn,1684456613.0,[removed],"<div class=""md""><p>[removed]</p>
</div>",,1
11,k7mx59e,1699010831.0,"I am a first-year computer science student and the first programming language we are being taught is C language. I have an issue trying to keep up with what is being taught in class and feel like I am falling behind a lot and everyone is way ahead of me. Any recommendation on any YouTube channel, videos, or textbooks that could help aid my learning of this language? Thank you.","<div class=""md""><p>I am a first-year computer science student and the first programming language we are being taught is C language. I have an issue trying to keep up with what is being taught in class and feel like I am falling behind a lot and everyone is way ahead of me. Any recommendation on any YouTube channel, videos, or textbooks that could help aid my learning of this language? Thank you.</p>
</div>",NeatConsideration923,1
12,jca1ln2,1678878491.0,I need a good road map to restart at C language,"<div class=""md""><p>I need a good road map to restart at C language</p>
</div>",Diligent-Ad7435,1
13,jskf1ec,1689757095.0,"Hi! I am trying to find a book or whatever resource that will be able to explain how to code a program. What I mean in this case is that I know Java or Python to an intermediate extent and I tried to make a program, but my code was all over the place. Where do I find an explanation on how to make useful, reusable pieces of code that when a feature changes, only the important part of the code does and I shouldn‚Äôt just go through all the lines? 
Thanks in advance to anyone who can help!","<div class=""md""><p>Hi! I am trying to find a book or whatever resource that will be able to explain how to code a program. What I mean in this case is that I know Java or Python to an intermediate extent and I tried to make a program, but my code was all over the place. Where do I find an explanation on how to make useful, reusable pieces of code that when a feature changes, only the important part of the code does and I shouldn‚Äôt just go through all the lines? 
Thanks in advance to anyone who can help!</p>
</div>",Specialist-Fee7994,1
14,j8l43en,1676428234.0,"I'm in a CS degree, I've had work experience on full-stack applications. However, I feel like a I am missing a lot of fundamentals, that bites me in the ass when trying to understand things from a big picture perspective.

Are there any books, or preferably online courses, that cover fundamentals? Not algorithms, or data structures, but at the level of how a computer works...what it even is? From hardware, to software, up to the point of where I'm writing my dumb react code to get some button to click.

I'm missing the **big picture**, and none of the courses I've taken really help me see it. Some things are given too piece-meal, too separate, for me to never be able to grasp what I'm really working with. What a computer really is.","<div class=""md""><p>I&#39;m in a CS degree, I&#39;ve had work experience on full-stack applications. However, I feel like a I am missing a lot of fundamentals, that bites me in the ass when trying to understand things from a big picture perspective.</p>

<p>Are there any books, or preferably online courses, that cover fundamentals? Not algorithms, or data structures, but at the level of how a computer works...what it even is? From hardware, to software, up to the point of where I&#39;m writing my dumb react code to get some button to click.</p>

<p>I&#39;m missing the <strong>big picture</strong>, and none of the courses I&#39;ve taken really help me see it. Some things are given too piece-meal, too separate, for me to never be able to grasp what I&#39;m really working with. What a computer really is.</p>
</div>",,1
15,jag683d,1677646207.0,I'm taking an Intel AI class and Lowkey the professor doesn't explain it as well so I could understand. I was wondering if there was anything that could help me in this area.,"<div class=""md""><p>I&#39;m taking an Intel AI class and Lowkey the professor doesn&#39;t explain it as well so I could understand. I was wondering if there was anything that could help me in this area.</p>
</div>",ihateitherehelo,1
16,jpv4oyz,1687964378.0,"Book recommendations on how to conduct CS study?

Hello I'm a third year student preparing for my dissertation in computer science, however I need recommendations for books that outline how to conduct computer science research. What I am not looking for is anything to do with statistics or how to write a paper.  
I'm looking for resource is that are focused on how to actually conduct experiments. For example, what benchmarks should I use? How should I structure my tests? What software should I use to measure performance? What factors (processor, ram, cache) do I have to isolate when conducting my experiment. So on and so forth....  
Signposting to Good resources on this topic will be much appreciated.","<div class=""md""><p>Book recommendations on how to conduct CS study?</p>

<p>Hello I&#39;m a third year student preparing for my dissertation in computer science, however I need recommendations for books that outline how to conduct computer science research. What I am not looking for is anything to do with statistics or how to write a paper.<br/>
I&#39;m looking for resource is that are focused on how to actually conduct experiments. For example, what benchmarks should I use? How should I structure my tests? What software should I use to measure performance? What factors (processor, ram, cache) do I have to isolate when conducting my experiment. So on and so forth....<br/>
Signposting to Good resources on this topic will be much appreciated.</p>
</div>",SimonSatn11,1
17,k0sy9zk,1694844042.0,"So assuming the worst case scenario: AI completely replaces every programmer, there is a 100% unemployment rate in the industry, AI can write and maintain its own highly complex bug free code and turn abstract English requests into full programs... CS knowledge and programming skills would still be useful at some level, right? As in, if everyone is eventually going to be replaced anyway, might as well study CS in college now, right?","<div class=""md""><p>So assuming the worst case scenario: AI completely replaces every programmer, there is a 100% unemployment rate in the industry, AI can write and maintain its own highly complex bug free code and turn abstract English requests into full programs... CS knowledge and programming skills would still be useful at some level, right? As in, if everyone is eventually going to be replaced anyway, might as well study CS in college now, right?</p>
</div>",theformalhels,1
18,joftbie,1686978964.0,"HI i'm a python developer.  
i am starting for add more skill like ML  
can any one help me where i start and which resources i will use and where i can find then.  
can any one help me given a road map to achieve my goal.","<div class=""md""><p>HI i&#39;m a python developer.<br/>
i am starting for add more skill like ML<br/>
can any one help me where i start and which resources i will use and where i can find then.<br/>
can any one help me given a road map to achieve my goal.</p>
</div>",simranbagli,1
19,jw35w8o,1691979810.0,"Hi. I would like to know about video, audio, compression and representation in Computer science and the various algorithms used to store them, process them, encode and decode them etc. Like a full comprehensive knowledge base would be great tbh. Where would i go about pursuing it? A good book? A resource? 

Any help would be appreciated.","<div class=""md""><p>Hi. I would like to know about video, audio, compression and representation in Computer science and the various algorithms used to store them, process them, encode and decode them etc. Like a full comprehensive knowledge base would be great tbh. Where would i go about pursuing it? A good book? A resource? </p>

<p>Any help would be appreciated.</p>
</div>",sunkyneko,1
20,jc94gs5,1678853745.0,! false || ! true evaluates to true right? where do i learn these sorts of things?,"<div class=""md""><p>! false || ! true evaluates to true right? where do i learn these sorts of things?</p>
</div>",Apprehensive_Zone_66,1
21,jke9uz7,1684260666.0,"Interview-Ready: A Review of ‚ÄòGrokking the Java Interview‚Äô

https://medium.com/javarevisited/interview-ready-a-review-of-grokking-the-java-interview-749bdeff044c","<div class=""md""><p>Interview-Ready: A Review of ‚ÄòGrokking the Java Interview‚Äô</p>

<p><a href=""https://medium.com/javarevisited/interview-ready-a-review-of-grokking-the-java-interview-749bdeff044c"">https://medium.com/javarevisited/interview-ready-a-review-of-grokking-the-java-interview-749bdeff044c</a></p>
</div>",Mfalme7,1
22,jd9d8j7,1679513943.0,Need help finding a course to be able to use the Rars Risc-V Assembler and Runtime Simulator,"<div class=""md""><p>Need help finding a course to be able to use the Rars Risc-V Assembler and Runtime Simulator</p>
</div>",Embargo_44,1
23,j5grwvq,1674425621.0,"Looking for a free online college course, specifically intro to python.","<div class=""md""><p>Looking for a free online college course, specifically intro to python.</p>
</div>",Katiebaddieefl,1
24,j4kfwtv,1673861984.0,A good resource that help me to get used to linux + shell(bash)?,"<div class=""md""><p>A good resource that help me to get used to linux + shell(bash)?</p>
</div>",Infinite-Rooster-996,1
25,j795sw0,1675558986.0,"hi. I'm at a university, I need some source about the subject of theory of digital circuits(atleast that's what we call it in Poland), exercises especially. Someone got anything that could help me? (it's my first term and the topic are: multiplexers, iterational circuits, hazards(specifically static hazards on working/not working?))","<div class=""md""><p>hi. I&#39;m at a university, I need some source about the subject of theory of digital circuits(atleast that&#39;s what we call it in Poland), exercises especially. Someone got anything that could help me? (it&#39;s my first term and the topic are: multiplexers, iterational circuits, hazards(specifically static hazards on working/not working?))</p>
</div>",lutownik,1
26,k72zll5,1698670664.0,"Any resources that compiles different notions in computer science?

Hello guys, I just finished this repo and it has so much notions in computer science and I would like to know if you guys have any other resources to learn how things work and improve my knowledge in computer science

https://github.com/ByteByteGoHq/system-design-101","<div class=""md""><p>Any resources that compiles different notions in computer science?</p>

<p>Hello guys, I just finished this repo and it has so much notions in computer science and I would like to know if you guys have any other resources to learn how things work and improve my knowledge in computer science</p>

<p><a href=""https://github.com/ByteByteGoHq/system-design-101"">https://github.com/ByteByteGoHq/system-design-101</a></p>
</div>",Damn_Im_Curious,1
27,jnprdul,1686438441.0,I'm currently in high school and I want to get a degree in CS. Will the school I get my degree from make a big difference in my job opportunities?,"<div class=""md""><p>I&#39;m currently in high school and I want to get a degree in CS. Will the school I get my degree from make a big difference in my job opportunities?</p>
</div>",TiGe_III,1
28,jj03p41,1683315594.0,"What is the CS equivalent of the AI textbook AI: A Modern Approach by Russell and Norvig? I'm looking for a textbook that provides an overview of the field of CS. Quoting from Wikipedia: ""It is considered the standard text in the field of artificial intelligence.""","<div class=""md""><p>What is the CS equivalent of the AI textbook AI: A Modern Approach by Russell and Norvig? I&#39;m looking for a textbook that provides an overview of the field of CS. Quoting from Wikipedia: &quot;It is considered the standard text in the field of artificial intelligence.&quot;</p>
</div>",kodnin,1
29,jualxod,1690858682.0,"Helping people with their IT carreers! The topic of my channel is computer science [https://www.youtube.com/@fneprofesor/about](https://www.youtube.com/@fneprofesor/about)

And If you want to talk just contact me!","<div class=""md""><p>Helping people with their IT carreers! The topic of my channel is computer science <a href=""https://www.youtube.com/@fneprofesor/about"">https://www.youtube.com/@fneprofesor/about</a></p>

<p>And If you want to talk just contact me!</p>
</div>",Fedehuacho,1
30,jf5lsek,1680762407.0,I‚Äôd like notes on book forouzan,"<div class=""md""><p>I‚Äôd like notes on book forouzan</p>
</div>",Red_clawww,1
31,jktlx2y,1684529453.0,Looking for books about route planning. Any suggestions?,"<div class=""md""><p>Looking for books about route planning. Any suggestions?</p>
</div>",burg_to_314,1
32,k5bm2ew,1697581128.0,"Hi I‚Äôm looking for free software like Visio, I need to be able to download it as I‚Äôm having broadband issues everything I find is online pls help","<div class=""md""><p>Hi I‚Äôm looking for free software like Visio, I need to be able to download it as I‚Äôm having broadband issues everything I find is online pls help</p>
</div>",IntensePanic,1
33,juie423,1690998271.0,Hi! I'm seeking audio recordings (or video with audio) of the Harvard Mark I running. I would be happy with audio of some other early electro-mechanical computer. Thanks!,"<div class=""md""><p>Hi! I&#39;m seeking audio recordings (or video with audio) of the Harvard Mark I running. I would be happy with audio of some other early electro-mechanical computer. Thanks!</p>
</div>",JeebsFat,1
34,j55swlp,1674232292.0,"I have zero knowledge about programming and algorithm designing, however, I‚Äôm in college for it. The class itself is for beginners but I‚Äôm still trying to understand everything and I‚Äôm really beating myself up over it because it‚Äôs hard for me to grasp the concepts. We are learning Python. 

What videos, books or other resources would you recommend to someone who is an absolute beginner (like seriously, I just learnt about copy and paste with control V the other day)","<div class=""md""><p>I have zero knowledge about programming and algorithm designing, however, I‚Äôm in college for it. The class itself is for beginners but I‚Äôm still trying to understand everything and I‚Äôm really beating myself up over it because it‚Äôs hard for me to grasp the concepts. We are learning Python. </p>

<p>What videos, books or other resources would you recommend to someone who is an absolute beginner (like seriously, I just learnt about copy and paste with control V the other day)</p>
</div>",LornaXI,1
35,j6z60fz,1675377400.0,[deleted],"<div class=""md""><p>[deleted]</p>
</div>",,1
36,k0unhk6,1694879586.0,"Hello everybody, Im studying computer science, and i have a big interest on the cryptography, and security area. I want to know if you guys here, have some advices of courses that i can do. Can be free or payed. Thank you !!!!","<div class=""md""><p>Hello everybody, Im studying computer science, and i have a big interest on the cryptography, and security area. I want to know if you guys here, have some advices of courses that i can do. Can be free or payed. Thank you !!!!</p>
</div>",Hayyatty_,1
37,jsi26pp,1689712763.0,What are the best books for computer scientists or which ones are recommended? Thanks:),"<div class=""md""><p>What are the best books for computer scientists or which ones are recommended? Thanks:)</p>
</div>",DrPande,1
38,jsp8s5l,1689838577.0,Hi,"<div class=""md""><p>Hi</p>
</div>",ImAFunnyParrot,1
39,jukucd2,1691038085.0,I am taking a VG dev course this upcoming semester and I would like to know what languages are primarily used in the teaching of this course. I would also appreciate any links to good reading material. Thanks in advance,"<div class=""md""><p>I am taking a VG dev course this upcoming semester and I would like to know what languages are primarily used in the teaching of this course. I would also appreciate any links to good reading material. Thanks in advance</p>
</div>",Which-Channel-2412,1
40,jemrx4q,1680417025.0,"Hello i am already a self taught programmer  and web developer.  I enrolled into an accredited online university for computer science and haven't started yet 

While I'm very comfortable with my coding skills , but after reviewing the syllabus i am a bit afraid about having  to learn college algebra and statistics which look completely foreign to me since i don't have a formal education.  I am not confident i will pass these courses without studying ahead of time.  Any advice on where i can find study partners, tutoring, or good course or resources that can get me started? Are there any prerequisites to college algebra and statistics that you recommend i learn first?  I do not have a formal education and received my high school equivalency many years ago, barely remember it.","<div class=""md""><p>Hello i am already a self taught programmer  and web developer.  I enrolled into an accredited online university for computer science and haven&#39;t started yet </p>

<p>While I&#39;m very comfortable with my coding skills , but after reviewing the syllabus i am a bit afraid about having  to learn college algebra and statistics which look completely foreign to me since i don&#39;t have a formal education.  I am not confident i will pass these courses without studying ahead of time.  Any advice on where i can find study partners, tutoring, or good course or resources that can get me started? Are there any prerequisites to college algebra and statistics that you recommend i learn first?  I do not have a formal education and received my high school equivalency many years ago, barely remember it.</p>
</div>",high-tech-farmer,1
41,je40ngg,1680072744.0,Is there a limit to the count of a counting semaphore in C? Like could I theoretically store like a long long in it or bigger lol,"<div class=""md""><p>Is there a limit to the count of a counting semaphore in C? Like could I theoretically store like a long long in it or bigger lol</p>
</div>",Sound_calm,1
42,jtkvcpb,1690406975.0,Are there any interesting hackathons/codefests for money? I'm pretty good at coding and I want to find some opportunities.,"<div class=""md""><p>Are there any interesting hackathons/codefests for money? I&#39;m pretty good at coding and I want to find some opportunities.</p>
</div>",nottrojanhorse,1
43,j5hlev6,1674437541.0,[removed],"<div class=""md""><p>[removed]</p>
</div>",,1
44,jv5krs2,1691413312.0,"Hi there, could you recommend an essential CS book for a self-taught programmer? That would be great!","<div class=""md""><p>Hi there, could you recommend an essential CS book for a self-taught programmer? That would be great!</p>
</div>",Agitated-Kale-6109,1
45,jtn901f,1690453698.0,"Hello, I would like some resources on algorithms for optimizing with different variables - the specific issue is a meal planning app in which you should be able to select your desired food preference, maybe say which ingredients you already have and then based on that it should make a list for the entire week where it puts more of the wanted things in it.  
I know it is a problem that cannot be optimally solved, but I would like some theory on the heuristics to get kinda good results.

Thank you in advance.","<div class=""md""><p>Hello, I would like some resources on algorithms for optimizing with different variables - the specific issue is a meal planning app in which you should be able to select your desired food preference, maybe say which ingredients you already have and then based on that it should make a list for the entire week where it puts more of the wanted things in it.<br/>
I know it is a problem that cannot be optimally solved, but I would like some theory on the heuristics to get kinda good results.</p>

<p>Thank you in advance.</p>
</div>",WhiteBlackCatt,1
46,jm3mkho,1685384671.0,wondering what bootcamp is best for being a software engineer or really any good tech job?,"<div class=""md""><p>wondering what bootcamp is best for being a software engineer or really any good tech job?</p>
</div>",chewybean555,1
47,jry0gi9,1689347879.0,I have several Udemy courses and other websites offering programming learning opportunities at affordable prices for those who are interested.,"<div class=""md""><p>I have several Udemy courses and other websites offering programming learning opportunities at affordable prices for those who are interested.</p>
</div>",Potential-Cold-8029,1
48,jgn7t68,1681756994.0,Can anyone recommend youtube videos or articles to simply and clearly explain network flows and finding residual graphs? I am so lost on this and have a project due by Thursday :'(,"<div class=""md""><p>Can anyone recommend youtube videos or articles to simply and clearly explain network flows and finding residual graphs? I am so lost on this and have a project due by Thursday :&#39;(</p>
</div>",Upstairs_Money_770,1
49,k3eum6k,1696417082.0,"Hi,  
anyone could guide me to a good fundamental ""course"" / ""learning material"" about ML ?  
My background is in pure mathematics and I have taken courses in discrete mathematics and algorith,s but never ever taken a course about ML !!!!","<div class=""md""><p>Hi,<br/>
anyone could guide me to a good fundamental &quot;course&quot; / &quot;learning material&quot; about ML ?<br/>
My background is in pure mathematics and I have taken courses in discrete mathematics and algorith,s but never ever taken a course about ML !!!!</p>
</div>",No-Parking-3966,1
50,jbup5v2,1678570030.0,Nope,"<div class=""md""><p>Nope</p>
</div>",MidNightS_Queen,1
51,jakg7vv,1677721516.0,Is there any website or resource from where I can get notes on DSA (preferably in c++ language) ? that would be a great help as my mid sems are approaching,"<div class=""md""><p>Is there any website or resource from where I can get notes on DSA (preferably in c++ language) ? that would be a great help as my mid sems are approaching</p>
</div>",totowolff7,1
52,jbuyrck,1678574380.0,"If you guys could recommend just 7 books to take someone from newbie to having an understanding that coincides a CS major, what books would they be?","<div class=""md""><p>If you guys could recommend just 7 books to take someone from newbie to having an understanding that coincides a CS major, what books would they be?</p>
</div>",celiotorres,1
53,jwrol0z,1692389642.0,"My grades are too shitty to get into a Masters degree. Are there any free alternative ways to learn Masters degree equivalent coursework without attending college? Mainly interested in learning about computer system related CS courses like security, cloud computing, networking, operating system, distributed systems etc

Also, without getting the diploma, how can I prove I learned these material?","<div class=""md""><p>My grades are too shitty to get into a Masters degree. Are there any free alternative ways to learn Masters degree equivalent coursework without attending college? Mainly interested in learning about computer system related CS courses like security, cloud computing, networking, operating system, distributed systems etc</p>

<p>Also, without getting the diploma, how can I prove I learned these material?</p>
</div>",PiercingLight333,1
54,jfxppdo,1681283896.0,"Hi, I'm a university student, who is actually really enjoying learning more about x86 NASM, but I find the documentation online to be...subpar. Everything is pretty scarce. Any decent YouTube tutorials, books, web pages, etc would be very much appreciated.","<div class=""md""><p>Hi, I&#39;m a university student, who is actually really enjoying learning more about x86 NASM, but I find the documentation online to be...subpar. Everything is pretty scarce. Any decent YouTube tutorials, books, web pages, etc would be very much appreciated.</p>
</div>",HomelandPatriot,1
55,k5oeim7,1697802743.0,"Are there any free and decent (aka not necessarily good, but better that using Draw.io) logic simulators (in IEC)? Like, as software. Not a website, else i'd be using the [Logic.ly](https://Logic.ly) trial.","<div class=""md""><p>Are there any free and decent (aka not necessarily good, but better that using Draw.io) logic simulators (in IEC)? Like, as software. Not a website, else i&#39;d be using the <a href=""https://Logic.ly"">Logic.ly</a> trial.</p>
</div>",L30N1337,1
56,jxpixa6,1692978942.0,Need help learning programming from scratch as a future CS major.,"<div class=""md""><p>Need help learning programming from scratch as a future CS major.</p>
</div>",Same-Ingenuity-7626,1
57,jbccj3y,1678236192.0,"If I inspect a page, can the website's owner see that I inspected the page?","<div class=""md""><p>If I inspect a page, can the website&#39;s owner see that I inspected the page?</p>
</div>",leeannf11,1
58,js1fa9k,1689405333.0,"Hello my friends, today I got a mail from my university about the teaching materials and things I need to bring for studying computer science in September! The list is below üëáüèº 

Essential Algorithms: A Practical Approach to Computer Algorithms using Python and C#
Author: Rod Stephens

Publisher: John Wiley & Sons Inc Edition 2
C# 9.0 in a Nutshell; The Definitive Reference Author: Joseph Albahari
Publisher: O‚ÄôReilly Media Edition 1

Engineering Mathematics
Author: Anthony Croft, Robert Davidson, Martin Hargreaves, James Flint
Publisher: Pearson Education Limited
Edition 5
üëáüèº
One thing that catches my eye is why they choose C# over C or C++. 
Im asking this cause I was learning C++ for almost a month and right now the C# thing just shocked me! I don't want to leave C++ behind without finishing the full course and now I have to start another course!","<div class=""md""><p>Hello my friends, today I got a mail from my university about the teaching materials and things I need to bring for studying computer science in September! The list is below üëáüèº </p>

<p>Essential Algorithms: A Practical Approach to Computer Algorithms using Python and C#
Author: Rod Stephens</p>

<p>Publisher: John Wiley &amp; Sons Inc Edition 2
C# 9.0 in a Nutshell; The Definitive Reference Author: Joseph Albahari
Publisher: O‚ÄôReilly Media Edition 1</p>

<p>Engineering Mathematics
Author: Anthony Croft, Robert Davidson, Martin Hargreaves, James Flint
Publisher: Pearson Education Limited
Edition 5
üëáüèº
One thing that catches my eye is why they choose C# over C or C++. 
Im asking this cause I was learning C++ for almost a month and right now the C# thing just shocked me! I don&#39;t want to leave C++ behind without finishing the full course and now I have to start another course!</p>
</div>",TheyCallmeSEP,1
59,jevr6j6,1680583209.0,"HI<  YES< YES< GOT ANY PLACES<SIITES<TO LEARN BEGINNING CODING? ?""","<div class=""md""><p>HI&lt;  YES&lt; YES&lt; GOT ANY PLACES&lt;SIITES&lt;TO LEARN BEGINNING CODING? ?&quot;</p>
</div>",clarachan1355,1
60,jjz84n9,1683967323.0,Something regarding robotics/machine intelligence?,"<div class=""md""><p>Something regarding robotics/machine intelligence?</p>
</div>",tomm_p,1
61,js91yn7,1689548735.0,"Resources on how to create a full stack application using React.js for front-end? Idk what to use for backend. PostgreSQL? Maybe MongoDB? As for hosting the app, I was hoping to use Microsoft Azure. Let me know if this tech stack is lacking or weird. It's my first time making a full stack application!","<div class=""md""><p>Resources on how to create a full stack application using React.js for front-end? Idk what to use for backend. PostgreSQL? Maybe MongoDB? As for hosting the app, I was hoping to use Microsoft Azure. Let me know if this tech stack is lacking or weird. It&#39;s my first time making a full stack application!</p>
</div>",_Mars7,1
62,j4s7uxl,1673993329.0,CS Undergrad here; Do you have books that dive somewhat deep into IA and Cybersec?My motivation is at its lowest and before completely changing path I wanted to see what could lie ahead in the research field.,"<div class=""md""><p>CS Undergrad here; Do you have books that dive somewhat deep into IA and Cybersec?My motivation is at its lowest and before completely changing path I wanted to see what could lie ahead in the research field.</p>
</div>",tomm_p,1
63,j4lz0tu,1673890760.0,"Resources for :-
1) Starting Competitive Programming as a complete beginner 
2) Learning Data Structures and Algorithms in specific languages (C/C++)","<div class=""md""><p>Resources for :-
1) Starting Competitive Programming as a complete beginner 
2) Learning Data Structures and Algorithms in specific languages (C/C++)</p>
</div>",OnTheGr1nd,1
64,jxjjptz,1692878701.0,"So I am 16 years old and I don‚Äôt have any kind of deep knowledge on technology and computer and I want to learn. 
I think I want to have professional studies on it so I want someone to recommend me books or courses please.","<div class=""md""><p>So I am 16 years old and I don‚Äôt have any kind of deep knowledge on technology and computer and I want to learn. 
I think I want to have professional studies on it so I want someone to recommend me books or courses please.</p>
</div>",melanatc0tic,1
65,jfxptvt,1681284002.0,"Hi I'm a university student taking a Discrete Math course. We're using the textbook discrete mathematics by gary chartrand & ping zhang. Any online resources that cover problems in the book, have the same organization of the book, or anything that would be good in general would be appreciated.","<div class=""md""><p>Hi I&#39;m a university student taking a Discrete Math course. We&#39;re using the textbook discrete mathematics by gary chartrand &amp; ping zhang. Any online resources that cover problems in the book, have the same organization of the book, or anything that would be good in general would be appreciated.</p>
</div>",HomelandPatriot,1
66,j90rnvg,1676715185.0,"HI guys I have my exam a day after tom for disceret maths and I dont understand maths easily please share resources chpater are - sets , posets lattices, realtions , graphs","<div class=""md""><p>HI guys I have my exam a day after tom for disceret maths and I dont understand maths easily please share resources chpater are - sets , posets lattices, realtions , graphs</p>
</div>",,1
67,jnqerit,1686450450.0,"Will kill?  No, ***has*** killed 3rd party apps.  Apollo and RedditIsFun both the in the towel now that they know Reddit will pull the right out from under them at any time.  Sure others are joining.

2 days isn't going to be enough, but at least you're doing that.  If they replace the moderators?  Well, them have to find alternate volunteers to work for free, else they'll have to pay staff or develop AI/tools to moderate (and since you need third party apps to do those things it would support our be a ""win"" in getting them to pay for the work/tools they expect the community to do for free).","<div class=""md""><p>Will kill?  No, <strong><em>has</em></strong> killed 3rd party apps.  Apollo and RedditIsFun both the in the towel now that they know Reddit will pull the right out from under them at any time.  Sure others are joining.</p>

<p>2 days isn&#39;t going to be enough, but at least you&#39;re doing that.  If they replace the moderators?  Well, them have to find alternate volunteers to work for free, else they&#39;ll have to pay staff or develop AI/tools to moderate (and since you need third party apps to do those things it would support our be a &quot;win&quot; in getting them to pay for the work/tools they expect the community to do for free).</p>
</div>",mdillenbeck,13
68,jnprmrw,1686438561.0,Good. u/spez‚Äôs actions are awful,"<div class=""md""><p>Good. <a href=""/u/spez"">u/spez</a>‚Äôs actions are awful</p>
</div>",MH2019,26
69,jnq2pgh,1686444110.0,Good news.,"<div class=""md""><p>Good news.</p>
</div>",PlexSheep,6
70,jnqolbb,1686455952.0,Have these protests seemed to spark any change in the coming policy?,"<div class=""md""><p>Have these protests seemed to spark any change in the coming policy?</p>
</div>",Doxl1775,7
71,ju54ckp,1690763528.0,This is idiotic. Staying like this isn‚Äôt going to fix anything except kill an awesome sub.,"<div class=""md""><p>This is idiotic. Staying like this isn‚Äôt going to fix anything except kill an awesome sub.</p>
</div>",thedarklord176,2
72,jnpkfdp,1686435079.0,[deleted],"<div class=""md""><p>[deleted]</p>
</div>",,-4
73,jnpon8s,1686437107.0,"I keep seeing this posted in different subs & have yet to understand it‚Äôs purpose. Never do they clearly say what they want  to get out of this ‚Äúboycott‚Äù. Like what exactly is it that you want  Reddit to do?  A boycott or strike with no clear goals is just a temper tantrum. 

You bring up the mod tools, but hasn‚Äôt Reddit explicitly said that all non commercial APIs are ok? Mod tools will not be effected. 

I can get that you don‚Äôt like the Reddit app, but it‚Äôs ridiculous for you to think that they should just continue to allow these 3rd party apps. I also think both sides should stop being disingenuous about it. This is not about APIs. This is about third party apps such as Apollo & RiF. All other api use is a non issue. You don‚Äôt care about blind people being able to use reddit. You prefer to use your 3rd party app of choice & Reddit would prefer if they stop making money off their product.","<div class=""md""><p>I keep seeing this posted in different subs &amp; have yet to understand it‚Äôs purpose. Never do they clearly say what they want  to get out of this ‚Äúboycott‚Äù. Like what exactly is it that you want  Reddit to do?  A boycott or strike with no clear goals is just a temper tantrum. </p>

<p>You bring up the mod tools, but hasn‚Äôt Reddit explicitly said that all non commercial APIs are ok? Mod tools will not be effected. </p>

<p>I can get that you don‚Äôt like the Reddit app, but it‚Äôs ridiculous for you to think that they should just continue to allow these 3rd party apps. I also think both sides should stop being disingenuous about it. This is not about APIs. This is about third party apps such as Apollo &amp; RiF. All other api use is a non issue. You don‚Äôt care about blind people being able to use reddit. You prefer to use your 3rd party app of choice &amp; Reddit would prefer if they stop making money off their product.</p>
</div>",Murkywaters11,-23
74,jrviesg,1689295089.0,"WATCH Elon Musk & Tucker Carlson's  Full Interview 
https://youtu.be/Qxfz_oi5CNw","<div class=""md""><p>WATCH Elon Musk &amp; Tucker Carlson&#39;s  Full Interview 
<a href=""https://youtu.be/Qxfz_oi5CNw"">https://youtu.be/Qxfz_oi5CNw</a></p>
</div>",Twitter_Files,1
75,jnti5bn,1686513573.0,https://en.wikipedia.org/wiki/Crystal_oscillator,"<div class=""md""><p><a href=""https://en.wikipedia.org/wiki/Crystal_oscillator"">https://en.wikipedia.org/wiki/Crystal_oscillator</a></p>
</div>",Long_Investment7667,35
76,jq2zqkx,1688094556.0,"I believe most personal computers measure time by using the quartz clocks inside, which oscillate at a certain frequency. However, since these quartz clocks are not 100% accurate and can drift as time elapses, most modern computers use the Network Time Protocol to calibrate their time to more accurate sources such as atomic clocks.","<div class=""md""><p>I believe most personal computers measure time by using the quartz clocks inside, which oscillate at a certain frequency. However, since these quartz clocks are not 100% accurate and can drift as time elapses, most modern computers use the Network Time Protocol to calibrate their time to more accurate sources such as atomic clocks.</p>
</div>",uttermostjoe,17
77,jpzftfh,1688040976.0,https://en.wikipedia.org/wiki/Real-time_clock,"<div class=""md""><p><a href=""https://en.wikipedia.org/wiki/Real-time_clock"">https://en.wikipedia.org/wiki/Real-time_clock</a></p>
</div>",F0064R,5
78,jqh65ge,1688366831.0,I think it's called the Atomic Clock,"<div class=""md""><p>I think it&#39;s called the Atomic Clock</p>
</div>",exebios,3
79,jr5kwdb,1688825648.0,"Much more up to date with NTP and crystal oscillators buttes you are correct, at least when it comes to old alarm clocks and radios. That's why it resets back to 1200, because it doesn't actually know the time, it just starts at 0 and then counts 60 oscillations before going up by 1.","<div class=""md""><p>Much more up to date with NTP and crystal oscillators buttes you are correct, at least when it comes to old alarm clocks and radios. That&#39;s why it resets back to 1200, because it doesn&#39;t actually know the time, it just starts at 0 and then counts 60 oscillations before going up by 1.</p>
</div>",itango35,2
80,jtrdah7,1690516630.0,It actually pretty good question to ask. If it just a computer by itself no biggie if time isn‚Äôt precise. However for modern day computers that relies on communication to talk to other computers think lagfree gaming having precise time is critical. Part of this is knowing which packet of information is suppose to be in what order as well as checking for errors and correction. So we rely on network clock to help to sync everything. We are talking about prevent time drifts etc,"<div class=""md""><p>It actually pretty good question to ask. If it just a computer by itself no biggie if time isn‚Äôt precise. However for modern day computers that relies on communication to talk to other computers think lagfree gaming having precise time is critical. Part of this is knowing which packet of information is suppose to be in what order as well as checking for errors and correction. So we rely on network clock to help to sync everything. We are talking about prevent time drifts etc</p>
</div>",Luck128,2
81,jq4833p,1688124880.0,It‚Äôs a crystal oscillator.,"<div class=""md""><p>It‚Äôs a crystal oscillator.</p>
</div>",Comfortable_Hour_854,1
82,jwoyr3i,1692345827.0,"Assume we use 8 bits to store a time stamp. There can be 256 different values then. If we choose to store seconds, our resolution is one second, and the range is from 0 to 255 seconds. If we prefer to store the time in minutes, we can store up to 255 minutes there.

With 64 bits you could have nanosecond resolution while still having a range significantly longer than your life.","<div class=""md""><p>Assume we use 8 bits to store a time stamp. There can be 256 different values then. If we choose to store seconds, our resolution is one second, and the range is from 0 to 255 seconds. If we prefer to store the time in minutes, we can store up to 255 minutes there.</p>

<p>With 64 bits you could have nanosecond resolution while still having a range significantly longer than your life.</p>
</div>",Virtual-Study-Campus,1
83,jy968in,1693328792.0,"Computers typically measure time using a combination of hardware clocks, software timers, and synchronization with external time sources like network time servers. The hardware clock in a computer's motherboard provides a basic timekeeping function, while software timers help manage and measure time intervals. Additionally, computers can synchronize their clocks with more accurate time sources through protocols like NTP (Network Time Protocol) to maintain accurate time across networks and systems.","<div class=""md""><p>Computers typically measure time using a combination of hardware clocks, software timers, and synchronization with external time sources like network time servers. The hardware clock in a computer&#39;s motherboard provides a basic timekeeping function, while software timers help manage and measure time intervals. Additionally, computers can synchronize their clocks with more accurate time sources through protocols like NTP (Network Time Protocol) to maintain accurate time across networks and systems.</p>
</div>",elonmuxk,1
84,jz7chud,1693899151.0,"CPUs have dedicated timer peripherals inside their chips that always runs at the same clock rate (Modern CPU‚Äôs change their clock‚Äôs dynamically). So they use that timer to calculate seconds that pass.

Those crystals have really tight tolerance for the frequency they are tuned for. So if they are tuned for 100 MHz they will work near that point perfectly. Then the CPU multiplies this reference clock for itself to work faster. But the timers inside them always have fixed multiplication constant.","<div class=""md""><p>CPUs have dedicated timer peripherals inside their chips that always runs at the same clock rate (Modern CPU‚Äôs change their clock‚Äôs dynamically). So they use that timer to calculate seconds that pass.</p>

<p>Those crystals have really tight tolerance for the frequency they are tuned for. So if they are tuned for 100 MHz they will work near that point perfectly. Then the CPU multiplies this reference clock for itself to work faster. But the timers inside them always have fixed multiplication constant.</p>
</div>",TrapNT,1
85,jzsxzyi,1694260414.0,It is not the standard but the hamming distance is not a dumb way to do it.,"<div class=""md""><p>It is not the standard but the hamming distance is not a dumb way to do it.</p>
</div>",Left-Character4280,1
86,jzxe42g,1694330109.0,My first time reading about a Crystal Oscillator. You learn something new every day.,"<div class=""md""><p>My first time reading about a Crystal Oscillator. You learn something new every day.</p>
</div>",syberfreak,1
87,k00q7q9,1694379726.0,"The clock work like a separate component of the PC and send recurrent interruptions to the processor recurrently, when that happens, the os take the control of the CPU and change between process, and this happen so fast that you feel that your pc is doing multiple task at the same time","<div class=""md""><p>The clock work like a separate component of the PC and send recurrent interruptions to the processor recurrently, when that happens, the os take the control of the CPU and change between process, and this happen so fast that you feel that your pc is doing multiple task at the same time</p>
</div>",Gaspar500,1
88,k0fvsuf,1694630131.0,Obviously not accurate but I vaguely remember using cpu cycles to measure time in a microcontrollers class 10ish years ago. If you know the Hz of your CPU and have a count going that's your time.,"<div class=""md""><p>Obviously not accurate but I vaguely remember using cpu cycles to measure time in a microcontrollers class 10ish years ago. If you know the Hz of your CPU and have a count going that&#39;s your time.</p>
</div>",captain-_-clutch,1
89,k3glcmd,1696442627.0,"https://chat.whatsapp.com/FE4klWAub8uJiORK3ehPPZ
if anyone wants to join the best coding community","<div class=""md""><p><a href=""https://chat.whatsapp.com/FE4klWAub8uJiORK3ehPPZ"">https://chat.whatsapp.com/FE4klWAub8uJiORK3ehPPZ</a>
if anyone wants to join the best coding community</p>
</div>",Next_Construction888,1
90,k3t1255,1696647329.0,"Basically there is a crystal inside there made of a material called quartz, which bends when electricity is passed through it about 32768 (or 2^(15)) times per second. These bends are called oscillations, and are counted. This way, every 32768th bend translates into one additional second.","<div class=""md""><p>Basically there is a crystal inside there made of a material called quartz, which bends when electricity is passed through it about 32768 (or 2<sup>15</sup>) times per second. These bends are called oscillations, and are counted. This way, every 32768th bend translates into one additional second.</p>
</div>",User51lol,1
91,k7qnik0,1699065189.0,"On a network level, clocks are remotely synchronized using NTP (network time protocol) with NTP servers in your respective region of the world.","<div class=""md""><p>On a network level, clocks are remotely synchronized using NTP (network time protocol) with NTP servers in your respective region of the world.</p>
</div>",Conchoidally,1
92,jntljyr,1686515013.0,"[Context Switching](https://afteracademy.com/blog/what-is-context-switching-in-operating-system/#:~:text=A%20context%20switching%20is%20a,is%20executed%20by%20the%20CPU).","<div class=""md""><p><a href=""https://afteracademy.com/blog/what-is-context-switching-in-operating-system/#:%7E:text=A%20context%20switching%20is%20a,is%20executed%20by%20the%20CPU"">Context Switching</a>.</p>
</div>",Software_Samurai,32
93,jntlmjg,1686515043.0,"Correct; so a program will use registers as it‚Äôs running (all programs do this.) 

However in order to run multiple programs at once;  the CPU has to interrupt the program save its state, and switch to the other program , restoring the saved state.

This is complicated further by newer CPUs (with things like virtual registers) - however probably best not to get into that.","<div class=""md""><p>Correct; so a program will use registers as it‚Äôs running (all programs do this.) </p>

<p>However in order to run multiple programs at once;  the CPU has to interrupt the program save its state, and switch to the other program , restoring the saved state.</p>

<p>This is complicated further by newer CPUs (with things like virtual registers) - however probably best not to get into that.</p>
</div>",PolyGlotCoder,21
94,jntmg7z,1686515386.0,"From what I understand you are talking about context switch. See, during the execution of a program, CPU will store data in registers. Suppose program 1 was running already on the CPU. The scheduler of the operating system decides that some other program needs to be run now. The OS would then copy all the data (of program 1) present in the local registers to the memory. It will also copy the data of program 2 from memory to register. No two programs can run simultaneously. It is just a lot of switching done at a very fast speed.","<div class=""md""><p>From what I understand you are talking about context switch. See, during the execution of a program, CPU will store data in registers. Suppose program 1 was running already on the CPU. The scheduler of the operating system decides that some other program needs to be run now. The OS would then copy all the data (of program 1) present in the local registers to the memory. It will also copy the data of program 2 from memory to register. No two programs can run simultaneously. It is just a lot of switching done at a very fast speed.</p>
</div>",apun_bhi_geralt,15
95,jnu8ajb,1686525387.0,"I'm almost serious when I say every programmer should have to write and make work assembly language programs.  Just to appreciate the work that goes on in context switch, subroutine argument passing, etc.... I wrote assembly for 20 years, burned iny brain. My c code is FAST.","<div class=""md""><p>I&#39;m almost serious when I say every programmer should have to write and make work assembly language programs.  Just to appreciate the work that goes on in context switch, subroutine argument passing, etc.... I wrote assembly for 20 years, burned iny brain. My c code is FAST.</p>
</div>",irkli,8
96,jntnro4,1686515943.0,"Context switch causes the OS to save all of a process‚Äôs state, including current register values, into some sort of process context structure. That way, we can just load those values back into the registers, and continue execution of the process as if it had never stopped","<div class=""md""><p>Context switch causes the OS to save all of a process‚Äôs state, including current register values, into some sort of process context structure. That way, we can just load those values back into the registers, and continue execution of the process as if it had never stopped</p>
</div>",1000_witnesses,5
97,jqb0v1n,1688245751.0,"When you take your OS course, you will learn how different programs execute concurrently in terms of the architecture you studied. Short answer: Context switching, Long answer: Read an OS book, like this [one](https://pages.cs.wisc.edu/~remzi/OSTEP/)","<div class=""md""><p>When you take your OS course, you will learn how different programs execute concurrently in terms of the architecture you studied. Short answer: Context switching, Long answer: Read an OS book, like this <a href=""https://pages.cs.wisc.edu/%7Eremzi/OSTEP/"">one</a></p>
</div>",Vanilla_mice,4
98,jseaaaw,1689642576.0,"Generically speaking, there are a couple of different things that stop this from happening.

1. Your computer likely has more than one processor. For example,  if your computer had 8 processors, (assuming one processor could only run one app at a time) it could run 8 programs at once, each with its own individual set of registers. Changing a register on one processor would have no effect on any of the other processors, as they are in completely different locations on your chip. So in that case, any given program would not interfere with another's data/registers. This, in part, allows for applications to be multi-threaded; as you can run code in parallel using multiple CPUs at the same time. However, it's unlikely that your computer wouldn't be trying to use all of your processors at any given moment, as that's kind of a waste of resources. So, that's where context switching comes in.
2. Context switching is a way for one CPU to be able to run multiple programs without affecting one another. This is usually done by your operating system (windows, linux, etc.). It requires saving the entire state of the thread (every register, where you are in the program, the entire stack) to be able to get back to that state later if it switches back. This is, of course, a little expensive as copying/moving states is not instantaneous. It also affects the cache, as now the new thread being run on the processor must get its own data into the processor's cache. But generally speaking, that is what's preventing you from changing data between multiple programs.

This allows you to do whatever you want in your given program, and, unless it crashes your computer, it will not affect any other programs running at the ""same"" time. As far as your program is aware, another ever changes during a context switch. It's almost like your program just blacks out for a very short amount of time and then picks up exactly in the spot it was left in; It is none the wiser.

In the case of running the other program on a different processor, even if there was no such thing as context switching, the two programs would never affect each other's registers because your computer could just use an entirely different CPU altogether. But again, your computer would likely try to utilize every processor so, therefore, context switching is needed.","<div class=""md""><p>Generically speaking, there are a couple of different things that stop this from happening.</p>

<ol>
<li>Your computer likely has more than one processor. For example,  if your computer had 8 processors, (assuming one processor could only run one app at a time) it could run 8 programs at once, each with its own individual set of registers. Changing a register on one processor would have no effect on any of the other processors, as they are in completely different locations on your chip. So in that case, any given program would not interfere with another&#39;s data/registers. This, in part, allows for applications to be multi-threaded; as you can run code in parallel using multiple CPUs at the same time. However, it&#39;s unlikely that your computer wouldn&#39;t be trying to use all of your processors at any given moment, as that&#39;s kind of a waste of resources. So, that&#39;s where context switching comes in.</li>
<li>Context switching is a way for one CPU to be able to run multiple programs without affecting one another. This is usually done by your operating system (windows, linux, etc.). It requires saving the entire state of the thread (every register, where you are in the program, the entire stack) to be able to get back to that state later if it switches back. This is, of course, a little expensive as copying/moving states is not instantaneous. It also affects the cache, as now the new thread being run on the processor must get its own data into the processor&#39;s cache. But generally speaking, that is what&#39;s preventing you from changing data between multiple programs.</li>
</ol>

<p>This allows you to do whatever you want in your given program, and, unless it crashes your computer, it will not affect any other programs running at the &quot;same&quot; time. As far as your program is aware, another ever changes during a context switch. It&#39;s almost like your program just blacks out for a very short amount of time and then picks up exactly in the spot it was left in; It is none the wiser.</p>

<p>In the case of running the other program on a different processor, even if there was no such thing as context switching, the two programs would never affect each other&#39;s registers because your computer could just use an entirely different CPU altogether. But again, your computer would likely try to utilize every processor so, therefore, context switching is needed.</p>
</div>",Aort1x,3
99,jrmem09,1689130738.0,"CPU will use a method called Context Switching.
It can work on RR algorithm or it can be any other preemptive algorithm.","<div class=""md""><p>CPU will use a method called Context Switching.
It can work on RR algorithm or it can be any other preemptive algorithm.</p>
</div>",Cry-Silly,1
100,jry0isg,1689347906.0,I have several Udemy courses and other websites offering programming learning opportunities at affordable prices for those who are interested.,"<div class=""md""><p>I have several Udemy courses and other websites offering programming learning opportunities at affordable prices for those who are interested.</p>
</div>",Potential-Cold-8029,1
101,jto886a,1690470602.0,"Technically, you are correct. A computer can only run one program and uses the registers for that one program only. In the old days, if you wanted to run a different program, you would have to get out the tape and punch cards and edit the program memory directly. We got past this by making computers run a special type of program called an Operating System. An operating system is a single program that manages the creation and execution of many other programs (called ""processes""). When you have a background task running, this is simply one of the many processes running on your operating system (upwards of 100 a lot of the time). This is actually the sole purpose of the operating system. There are other things, but they are always there to aid in managing and executing multiple programs.

Others have mentioned the specifics, like how exactly the computer is able to execute multiple processes at once. There are many things that come into play here. Multiple cores (sets of registers+ALU+cache) in the CPU allow different processes to run on different cores simultaneously, the OS constantly rapidly switches which process is currently executing (context switching) to make progress on multiple of them simultaneously, a subprogram of the OS called the ""scheduler"" may decide which processes get more priority and when to perform context switches.

Lots of things to consider, but the main answer to your question is that the operating system is designed to do specifically what you asked using a variety of techniques! Very fun stuff.","<div class=""md""><p>Technically, you are correct. A computer can only run one program and uses the registers for that one program only. In the old days, if you wanted to run a different program, you would have to get out the tape and punch cards and edit the program memory directly. We got past this by making computers run a special type of program called an Operating System. An operating system is a single program that manages the creation and execution of many other programs (called &quot;processes&quot;). When you have a background task running, this is simply one of the many processes running on your operating system (upwards of 100 a lot of the time). This is actually the sole purpose of the operating system. There are other things, but they are always there to aid in managing and executing multiple programs.</p>

<p>Others have mentioned the specifics, like how exactly the computer is able to execute multiple processes at once. There are many things that come into play here. Multiple cores (sets of registers+ALU+cache) in the CPU allow different processes to run on different cores simultaneously, the OS constantly rapidly switches which process is currently executing (context switching) to make progress on multiple of them simultaneously, a subprogram of the OS called the &quot;scheduler&quot; may decide which processes get more priority and when to perform context switches.</p>

<p>Lots of things to consider, but the main answer to your question is that the operating system is designed to do specifically what you asked using a variety of techniques! Very fun stuff.</p>
</div>",Acceptable_Bottle,1
102,jueyw2t,1690934319.0,Registers can be accessed through C/C++ as well.,"<div class=""md""><p>Registers can be accessed through C/C++ as well.</p>
</div>",Aggressive-Guest6962,1
103,jw7q8jf,1692057037.0,"Context Switching Is the reason, the CPU temporarily interrupts the elaboration/calculation of a process to elaborate/calculate another one, but what do you mean when you Say ""we can work with registers by writing assembly"" you can work with registers with whatever language by declaring registers variables
 right?  Maybe I didn't understand what you mean","<div class=""md""><p>Context Switching Is the reason, the CPU temporarily interrupts the elaboration/calculation of a process to elaborate/calculate another one, but what do you mean when you Say &quot;we can work with registers by writing assembly&quot; you can work with registers with whatever language by declaring registers variables
 right?  Maybe I didn&#39;t understand what you mean</p>
</div>",Oderikk,1
104,jxvwnuq,1693088655.0,[landing pages](https://60secondlandingpage.simdif.com/),"<div class=""md""><p><a href=""https://60secondlandingpage.simdif.com/"">landing pages</a></p>
</div>",Brilliant-General419,1
105,jxvyia4,1693089493.0,[web](https://60sec.site/?via=x77vfdqidlfk6pifvm0o),"<div class=""md""><p><a href=""https://60sec.site/?via=x77vfdqidlfk6pifvm0o"">web</a></p>
</div>",Brilliant-General419,1
106,jy3oxll,1693237282.0,Try learning from udemy,"<div class=""md""><p>Try learning from udemy</p>
</div>",computerscienceaddic,1
107,k0dalin,1694583904.0,"That's the job of the OS, it swaps in and out programs all the time to give you the illusion of simultaneous execution.","<div class=""md""><p>That&#39;s the job of the OS, it swaps in and out programs all the time to give you the illusion of simultaneous execution.</p>
</div>",dota2nub,1
108,k442bw7,1696847392.0,[removed],"<div class=""md""><p>[removed]</p>
</div>",,1
109,jnta2sh,1686510136.0,Languages are just tools. What exactly do you like?,"<div class=""md""><p>Languages are just tools. What exactly do you like?</p>
</div>",SexyMuon,17
110,jp4aq02,1687456298.0,"Hi.. I don't know how far started you are but I too am starting to learn to code from like scratch... I'll first be doing harvards cs50 and then the ossu course... 
I'd really appreciate like an accountability buddy to keep on track... Lemme know how far you are if u r interested","<div class=""md""><p>Hi.. I don&#39;t know how far started you are but I too am starting to learn to code from like scratch... I&#39;ll first be doing harvards cs50 and then the ossu course... 
I&#39;d really appreciate like an accountability buddy to keep on track... Lemme know how far you are if u r interested</p>
</div>",Glum-Squirrel-1592,5
111,jtre447,1690517060.0,Graduate with bs biochemistry and master in CS. Python will give you the biggest bang for buck. You can create personal programs to make your life easier. You can manipulate large amount of data with a press of button with python. You can learn machine learning with python. You can play around raspberry pi and program some cool home projects.,"<div class=""md""><p>Graduate with bs biochemistry and master in CS. Python will give you the biggest bang for buck. You can create personal programs to make your life easier. You can manipulate large amount of data with a press of button with python. You can learn machine learning with python. You can play around raspberry pi and program some cool home projects.</p>
</div>",Luck128,3
112,jntxgx7,1686520205.0,I recommend Python!,"<div class=""md""><p>I recommend Python!</p>
</div>",Prestigious_Spite472,2
113,joktcbm,1687090725.0,"Do you know what kind of engineer you would want to be? For example, to my clients who want to be a data engineer - i recommend  python and maybe SQL

Two relatively simple ones too and you can always go learn more after","<div class=""md""><p>Do you know what kind of engineer you would want to be? For example, to my clients who want to be a data engineer - i recommend  python and maybe SQL</p>

<p>Two relatively simple ones too and you can always go learn more after</p>
</div>",chrisgarzon19,2
114,jp9dpjz,1687548162.0,"I started with JavaScript for my first programming language and later explored others, but I would say that Python and JavaScript are both relatively easy for beginners to learn.","<div class=""md""><p>I started with JavaScript for my first programming language and later explored others, but I would say that Python and JavaScript are both relatively easy for beginners to learn.</p>
</div>",CloudAdministrator,2
115,jrqwyhc,1689211405.0,What does everyone think the most flexible and/or language that is wanted in the industry?,"<div class=""md""><p>What does everyone think the most flexible and/or language that is wanted in the industry?</p>
</div>",RepGuaranteed,2
116,jsl81uz,1689774427.0,"When I was self learning python I found tons of stuff online to learn from.  

https://automatetheboringstuff.com

https://www.py4e.com/lessons

https://learncodethehardway.org/python","<div class=""md""><p>When I was self learning python I found tons of stuff online to learn from.  </p>

<p><a href=""https://automatetheboringstuff.com"">https://automatetheboringstuff.com</a></p>

<p><a href=""https://www.py4e.com/lessons"">https://www.py4e.com/lessons</a></p>

<p><a href=""https://learncodethehardway.org/python"">https://learncodethehardway.org/python</a></p>
</div>",DizzyRip,2
117,jvk9ro6,1691659510.0,"I'm a bit of an old-school fellow and prefer reading a good book (of course with hands-on stuff for a practical subject like CS).

If you don't know any computer science at all, I'd recommend the trinity of [Computer Science Distilled](https://code.energy/computer-science-distilled/) (a good CS101 text), [Intro to Computing](https://www.davidjoyner.net/books/) (uses Python to teach computing), [Grokking Algorithms](https://www.manning.com/books/grokking-algorithms-second-edition) (or perhaps [DPV](https://cseweb.ucsd.edu/~dasgupta/book/index.html) if you have a strong discrete maths and logic background). IMO DPV is the better algorithms book overall, but its brevity sometimes works against it, especially for people unfamiliar with CS and mathematics.

I think your learning journey should go something like (CS101 concepts --> Basic programming --> Basic algorithms --> Intermediate and advanced topics).

The first of these, in particular, should give you a clear sense of what parts of CS interest you the most, which should guide any future learning (the 'intermediate and advanced topics' part), whether self-directed or formal education. A lot of people get into CS for software engineering, but there's an entire other side to it - stuff like systems design, computer architecture, algorithm design and analysis (spoiler: mathsy stuff), human-computer interaction, AI and robotics, graphics and VR/AR, embedded systems... You name it. (I can name a few resources for areas that interest me, but that would probably make this comment too long. Later on, though, I'll be glad to elaborate on your domains of interest if I can.)

For project ideas: Most books on coding have great exercises to help you think about design and implementation. [No Starch Press](https://automatetheboringstuff.com/) has an entire series teaching you through hands-on projects. With a bit of creative thinking, you can use the examples as a guide to come up with project ideas on your own as well.

My number one tip would be: When you're done with basic algorithms stuff, don't *just* go for learning more languages and libraries/frameworks. That's helpful, sure, but it's not domain knowledge. Languages are just means of expressing concepts, and while learning C or Lisp (God's own programming language) or Haskell as someone who started with Python, or just diversifying your Python abilities by picking up NumPy, Pandas, OpenCV, and more has enormous returns, you can often do that alongside learning concepts. e.g. pick up C while you're also learning operating systems concepts.","<div class=""md""><p>I&#39;m a bit of an old-school fellow and prefer reading a good book (of course with hands-on stuff for a practical subject like CS).</p>

<p>If you don&#39;t know any computer science at all, I&#39;d recommend the trinity of <a href=""https://code.energy/computer-science-distilled/"">Computer Science Distilled</a> (a good CS101 text), <a href=""https://www.davidjoyner.net/books/"">Intro to Computing</a> (uses Python to teach computing), <a href=""https://www.manning.com/books/grokking-algorithms-second-edition"">Grokking Algorithms</a> (or perhaps <a href=""https://cseweb.ucsd.edu/%7Edasgupta/book/index.html"">DPV</a> if you have a strong discrete maths and logic background). IMO DPV is the better algorithms book overall, but its brevity sometimes works against it, especially for people unfamiliar with CS and mathematics.</p>

<p>I think your learning journey should go something like (CS101 concepts --&gt; Basic programming --&gt; Basic algorithms --&gt; Intermediate and advanced topics).</p>

<p>The first of these, in particular, should give you a clear sense of what parts of CS interest you the most, which should guide any future learning (the &#39;intermediate and advanced topics&#39; part), whether self-directed or formal education. A lot of people get into CS for software engineering, but there&#39;s an entire other side to it - stuff like systems design, computer architecture, algorithm design and analysis (spoiler: mathsy stuff), human-computer interaction, AI and robotics, graphics and VR/AR, embedded systems... You name it. (I can name a few resources for areas that interest me, but that would probably make this comment too long. Later on, though, I&#39;ll be glad to elaborate on your domains of interest if I can.)</p>

<p>For project ideas: Most books on coding have great exercises to help you think about design and implementation. <a href=""https://automatetheboringstuff.com/"">No Starch Press</a> has an entire series teaching you through hands-on projects. With a bit of creative thinking, you can use the examples as a guide to come up with project ideas on your own as well.</p>

<p>My number one tip would be: When you&#39;re done with basic algorithms stuff, don&#39;t <em>just</em> go for learning more languages and libraries/frameworks. That&#39;s helpful, sure, but it&#39;s not domain knowledge. Languages are just means of expressing concepts, and while learning C or Lisp (God&#39;s own programming language) or Haskell as someone who started with Python, or just diversifying your Python abilities by picking up NumPy, Pandas, OpenCV, and more has enormous returns, you can often do that alongside learning concepts. e.g. pick up C while you&#39;re also learning operating systems concepts.</p>
</div>",srsNDavis,2
118,jp07yzl,1687378755.0,"Pick a target project to make (website, mobile app, video game, desktop program, etc.) and base your tech stack around it.","<div class=""md""><p>Pick a target project to make (website, mobile app, video game, desktop program, etc.) and base your tech stack around it.</p>
</div>",UniversityEastern542,0
119,ju8r3c9,1690831211.0,"Python is a very good option especially for math, ML or scientific computing, also it's quite simple to learn and has a beginner friendly environment. For a C++ alternative rust is a good option, but I think the entry to it is hard, especially if you don't know much about memory management. For a entry to web development start with typescript and react, it's still the state of art and not that hard to learn. To get into game development C# with unity would be a good choice. To learn OOP and how to write well structured code look at Java (I know Java isn't that fun and a bit old, but it's a good way to learn those things). But the real question is do you really have to learn a new language? Maybe you should first do some bigger projects with C++?","<div class=""md""><p>Python is a very good option especially for math, ML or scientific computing, also it&#39;s quite simple to learn and has a beginner friendly environment. For a C++ alternative rust is a good option, but I think the entry to it is hard, especially if you don&#39;t know much about memory management. For a entry to web development start with typescript and react, it&#39;s still the state of art and not that hard to learn. To get into game development C# with unity would be a good choice. To learn OOP and how to write well structured code look at Java (I know Java isn&#39;t that fun and a bit old, but it&#39;s a good way to learn those things). But the real question is do you really have to learn a new language? Maybe you should first do some bigger projects with C++?</p>
</div>",PhraseSubstantial,1
120,jumkepz,1691074414.0,Python is the best language for the first time. A lot of people hate it,"<div class=""md""><p>Python is the best language for the first time. A lot of people hate it</p>
</div>",JennyKat28,1
121,jxg2fkg,1692814863.0,Python.,"<div class=""md""><p>Python.</p>
</div>",Sudden-Scientist7330,1
122,k0980sr,1694526270.0,"Learn Python. 

1. [https://codedirect.org/](https://codedirect.org/)
2. [https://www.w3schools.com/](https://www.w3schools.com/)","<div class=""md""><p>Learn Python. </p>

<ol>
<li><a href=""https://codedirect.org/"">https://codedirect.org/</a></li>
<li><a href=""https://www.w3schools.com/"">https://www.w3schools.com/</a></li>
</ol>
</div>",Anastasia_IT,1
123,k0db7gs,1694584309.0,"No doubt its C language   
learning C as first programming language has many benefits because its old still competing with languages like python java etc   
its hard to learn as a first timer compared to python but once you get hang of C   
you can basically learn any programming language very fast.","<div class=""md""><p>No doubt its C language<br/>
learning C as first programming language has many benefits because its old still competing with languages like python java etc<br/>
its hard to learn as a first timer compared to python but once you get hang of C<br/>
you can basically learn any programming language very fast.</p>
</div>",75e934a703af8d83b,1
124,k2r8ar8,1696011126.0,"Leave Reddit, go to Lemmy or Kbin and learn about Fediverse.","<div class=""md""><p>Leave Reddit, go to Lemmy or Kbin and learn about Fediverse.</p>
</div>",,1
125,k442owf,1696847651.0,[removed],"<div class=""md""><p>[removed]</p>
</div>",,1
126,jqidmjl,1688395132.0,You can check out [itch.io](https://itch.io/jams) where they continiously host multiple game jams.,"<div class=""md""><p>You can check out <a href=""https://itch.io/jams"">itch.io</a> where they continiously host multiple game jams.</p>
</div>",GoldEagle-_-,7
127,jtbae97,1690239864.0,"There are a lot of opportunities out rn for hackathons, but the best option would be Dualhacks. It takes place early august with over $90k in prizes. It's also online which makes it easy to attend!","<div class=""md""><p>There are a lot of opportunities out rn for hackathons, but the best option would be Dualhacks. It takes place early august with over $90k in prizes. It&#39;s also online which makes it easy to attend!</p>
</div>",nottrojanhorse,5
128,jp07ogo,1687378640.0,Devpost,"<div class=""md""><p>Devpost</p>
</div>",UniversityEastern542,2
129,jp5rpwu,1687478224.0,"VOICE & AI is coming to Washington, DC from September 5-7. 3 days of in-depth sessions on LLMs, Generative AI, Coding, Design, Marketing, and Conversational Interfaces.  
[https://www.voiceand.ai/](https://www.voiceand.ai/)    
Virtual / digital pass includes:  
\- Streamed access to all keynotes and selected sessions on Sept 6-7  
\- Access to the VOICE & AI app, digital platform, and virtual networking  
\- Interactive virtual sponsor gallery & virtual exhibitor directory  
\- Access to all event recordings (post-event)","<div class=""md""><p>VOICE &amp; AI is coming to Washington, DC from September 5-7. 3 days of in-depth sessions on LLMs, Generative AI, Coding, Design, Marketing, and Conversational Interfaces.<br/>
<a href=""https://www.voiceand.ai/"">https://www.voiceand.ai/</a><br/>
Virtual / digital pass includes:<br/>
- Streamed access to all keynotes and selected sessions on Sept 6-7<br/>
- Access to the VOICE &amp; AI app, digital platform, and virtual networking<br/>
- Interactive virtual sponsor gallery &amp; virtual exhibitor directory<br/>
- Access to all event recordings (post-event)</p>
</div>",AnnaIntroMarket,2
130,jpbp5d3,1687592439.0,"The annual gmtk game jam starts July 7th, its the biggest game jam every year. Last year there were 6k submissions, I think the most of any digital game jam ever.

https://itch.io/jam/gmtk-2023","<div class=""md""><p>The annual gmtk game jam starts July 7th, its the biggest game jam every year. Last year there were 6k submissions, I think the most of any digital game jam ever.</p>

<p><a href=""https://itch.io/jam/gmtk-2023"">https://itch.io/jam/gmtk-2023</a></p>
</div>",Nialas1,2
131,jnsq0fc,1686501698.0,I forgot to mention that I am interested in online events. As I will probably not be able to attend otherwise.,"<div class=""md""><p>I forgot to mention that I am interested in online events. As I will probably not be able to attend otherwise.</p>
</div>",trojaneo,3
132,jno1kdm,1686410952.0,"Intuitively, real analysis is a much more specific area of study than all of CS, right?","<div class=""md""><p>Intuitively, real analysis is a much more specific area of study than all of CS, right?</p>
</div>",RANDOM-S33D,15
133,jnuax0c,1686526710.0,"""Code: The Hidden Language of Computer Hardware and Software"" is one of the best books ive read on computers. It is written kind of chronologically, but kinda not temporally chronological. For instance, it starts with telegraph lines and says telegraph relays are basically transistors, so can we build a computer out of relays? It then continues on from there.","<div class=""md""><p>&quot;Code: The Hidden Language of Computer Hardware and Software&quot; is one of the best books ive read on computers. It is written kind of chronologically, but kinda not temporally chronological. For instance, it starts with telegraph lines and says telegraph relays are basically transistors, so can we build a computer out of relays? It then continues on from there.</p>
</div>",skamansam,14
134,jnpckc4,1686431504.0,this is what all books should do,"<div class=""md""><p>this is what all books should do</p>
</div>",Xelonima,8
135,jnp3nw5,1686427714.0,"Thanks for sharing the Calculus Reordered book. Definitely going to check it out. 

The only CS book I know of that is somewhat similar is ‚ÄúAlgorithms to Live By‚Äù. It‚Äôs far too popular science for learning the algorithms directly, but the authors do a very good job motivating and explaining the historical development of various algorithmic topics.

Very curious what other suggestions people have!","<div class=""md""><p>Thanks for sharing the Calculus Reordered book. Definitely going to check it out. </p>

<p>The only CS book I know of that is somewhat similar is ‚ÄúAlgorithms to Live By‚Äù. It‚Äôs far too popular science for learning the algorithms directly, but the authors do a very good job motivating and explaining the historical development of various algorithmic topics.</p>

<p>Very curious what other suggestions people have!</p>
</div>",nonotagainagain,7
136,jnok533,1686419093.0,"Not a book, but here's a seminar on artificial life. Watch ""Talkboctopus Seminar Series: S3 Episode 4: Hiroki Sayama"" on YouTube
https://youtu.be/pyvu19oF4ko","<div class=""md""><p>Not a book, but here&#39;s a seminar on artificial life. Watch &quot;Talkboctopus Seminar Series: S3 Episode 4: Hiroki Sayama&quot; on YouTube
<a href=""https://youtu.be/pyvu19oF4ko"">https://youtu.be/pyvu19oF4ko</a></p>
</div>",riversiderain,0
137,jnp7qyv,1686429469.0,"could you privide a pdf or a lnk to download calculus reodered , i really love stuff when they are chrnologiva;y ordered too","<div class=""md""><p>could you privide a pdf or a lnk to download calculus reodered , i really love stuff when they are chrnologiva;y ordered too</p>
</div>",pauschina_the_great,-1
138,jnrn7j0,1686482370.0,"Love Overleaf myself! Been using it for years, definitely recommend it","<div class=""md""><p>Love Overleaf myself! Been using it for years, definitely recommend it</p>
</div>",MathmoKiwi,5
139,jv3rg08,1691371288.0,"The one practice I've never been sure of is the 80 character line limit. If you work in another language, a line of source code should only be 80 characters long so that it fits on small screens, with long lines being split up over a few short lines. That keeps things readable and clear without dealing with line wrapping. 

Obviously LaTeX is slightly different. If you write paragraphs so that every line of source code is 80 characters, to come back and add new text means you need to shuffle a bunch of line breaks around. But if you write entire paragraphs in one line, you lose a lot of the benefits of breaking things up over a few lines. What's the best practice around this?","<div class=""md""><p>The one practice I&#39;ve never been sure of is the 80 character line limit. If you work in another language, a line of source code should only be 80 characters long so that it fits on small screens, with long lines being split up over a few short lines. That keeps things readable and clear without dealing with line wrapping. </p>

<p>Obviously LaTeX is slightly different. If you write paragraphs so that every line of source code is 80 characters, to come back and add new text means you need to shuffle a bunch of line breaks around. But if you write entire paragraphs in one line, you lose a lot of the benefits of breaking things up over a few lines. What&#39;s the best practice around this?</p>
</div>",RajjSinghh,2
140,k4jh5cm,1697103852.0,Free version of Overleaf works for most of the case for me !,"<div class=""md""><p>Free version of Overleaf works for most of the case for me !</p>
</div>",rp1996,2
141,jnpkmyv,1686435180.0,"(I'm assuming you meant a's and b's where you have written ""as"" and ""bs"".  But either way, it should work)

The way I understood it is like this - If we want to check if number of ""a"" and numbers of ""b"" are equal, we need to keep track of number of ""a"" and ""b"", right? So we will need a stack for that, that is we will need a pushdown automata. 

Now, why is it different if we want to check is number of ""ab"" and number of ""ba"" are equal?  Because, they are equal if and only if the string starts and ends with the same letter.  You can write some examples down and try it out, it will make sense.

So now, all we need to check is if the starting and the ending letters are same. We don't really need to keep track of number of ""ab"" and ""ba"", hence stack is not required.

>By using pumping lemma I can prove that there will be an imbalance of substring as n in y\^n increases which proves that both languages are non-regular. Can someone explain to me how my prof is correct?

Applying pumping lemma won't change the starting and ending letters.  You would have made a mistake somewhere...","<div class=""md""><p>(I&#39;m assuming you meant a&#39;s and b&#39;s where you have written &quot;as&quot; and &quot;bs&quot;.  But either way, it should work)</p>

<p>The way I understood it is like this - If we want to check if number of &quot;a&quot; and numbers of &quot;b&quot; are equal, we need to keep track of number of &quot;a&quot; and &quot;b&quot;, right? So we will need a stack for that, that is we will need a pushdown automata. </p>

<p>Now, why is it different if we want to check is number of &quot;ab&quot; and number of &quot;ba&quot; are equal?  Because, they are equal if and only if the string starts and ends with the same letter.  You can write some examples down and try it out, it will make sense.</p>

<p>So now, all we need to check is if the starting and the ending letters are same. We don&#39;t really need to keep track of number of &quot;ab&quot; and &quot;ba&quot;, hence stack is not required.</p>

<blockquote>
<p>By using pumping lemma I can prove that there will be an imbalance of substring as n in y^n increases which proves that both languages are non-regular. Can someone explain to me how my prof is correct?</p>
</blockquote>

<p>Applying pumping lemma won&#39;t change the starting and ending letters.  You would have made a mistake somewhere...</p>
</div>",LetsBarterAttention,2
142,jnlflk7,1686353464.0,"It's not about detecting whether the machine halts, it's whether the machine will certainly halt, without actually running it.  Some programs clearly won't (think infinite loops), some programs clearly will (think straight-line programs), and some you can't be sure (some Post-system problems). No matter how long you wait, the fact that a program hasn't finished execution does \_not\_ mean that it won't -- if you'd waited just 1 second longer ...","<div class=""md""><p>It&#39;s not about detecting whether the machine halts, it&#39;s whether the machine will certainly halt, without actually running it.  Some programs clearly won&#39;t (think infinite loops), some programs clearly will (think straight-line programs), and some you can&#39;t be sure (some Post-system problems). No matter how long you wait, the fact that a program hasn&#39;t finished execution does _not_ mean that it won&#39;t -- if you&#39;d waited just 1 second longer ...</p>
</div>",aHumanToo,45
143,jnlau9d,1686351218.0,"Re your original question: that's not quite right. We assume we have some TM H(m, i) which, for any description of a TM m, decides if m halts on a tape initialized with i. We then build Hn(i) = `if H(i, i) = ""halts"" then loop else halt`. (This isn't TM notation but hopefully it should be clear that a TM doing this could be built, granted the existence of H.) The key thing is that Hn doesnt take a machine and an input, it just takes a machine description, and the description of Hn is perfectly finite, and non-self-referential, no infinite regresses here! So Hn(descr(Hn)) = 
`if H(descr(Hn), descr(Hn)) = ""halts"" then loop else halt`
= ` if Hn(descr(Hn)) halts then loop else halt`

So Hn(descr(Hn)) halts then Hn(descr(Hn)) loops and vice versa, contradiction; so no H can exist.","<div class=""md""><p>Re your original question: that&#39;s not quite right. We assume we have some TM H(m, i) which, for any description of a TM m, decides if m halts on a tape initialized with i. We then build Hn(i) = <code>if H(i, i) = &quot;halts&quot; then loop else halt</code>. (This isn&#39;t TM notation but hopefully it should be clear that a TM doing this could be built, granted the existence of H.) The key thing is that Hn doesnt take a machine and an input, it just takes a machine description, and the description of Hn is perfectly finite, and non-self-referential, no infinite regresses here! So Hn(descr(Hn)) = 
<code>if H(descr(Hn), descr(Hn)) = &quot;halts&quot; then loop else halt</code>
= <code>if Hn(descr(Hn)) halts then loop else halt</code></p>

<p>So Hn(descr(Hn)) halts then Hn(descr(Hn)) loops and vice versa, contradiction; so no H can exist.</p>
</div>",OpsikionThemed,17
144,jnn3wfb,1686391554.0,"Incidentally, I [wrote this](https://drive.google.com/file/d/1DCW-B1FP_9p_HmopdcSnMuof40YKFdqM/view?usp=drivesdk) recently which talks about the halting problem a bit in some detail. Easier to link it than to type it out again. If you have any questions, I'm happy to explain anything in the document that's unclear.","<div class=""md""><p>Incidentally, I <a href=""https://drive.google.com/file/d/1DCW-B1FP_9p_HmopdcSnMuof40YKFdqM/view?usp=drivesdk"">wrote this</a> recently which talks about the halting problem a bit in some detail. Easier to link it than to type it out again. If you have any questions, I&#39;m happy to explain anything in the document that&#39;s unclear.</p>
</div>",mobotsar,5
145,jnmfcwk,1686372107.0,"I think you may be confused by the notation used. It likely means something is true for all inputs, hence the omission of any arguments, leaving just Hn.","<div class=""md""><p>I think you may be confused by the notation used. It likely means something is true for all inputs, hence the omission of any arguments, leaving just Hn.</p>
</div>",wuhkuh,5
146,jnlbg3q,1686351501.0,"The paradox doesn't emerge by doing Hn(Hn), but H(Hn). We constructed Hn specifically to fool H, so it is by giving it to H that we trigger the paradox.

You do however point out a good point though. One of the ways H could work is by running the contents of Q and analyzing the runtime. However, we know it couldn't work like that because to work on Hn it would have to run the internal H(Hn) that exists inside of Hn. Such an operation would loop forever, making H not a decider. This is perfectly fine - H can't exist at all, so the fact that a specific version of H can't exist does not contradict the proof.","<div class=""md""><p>The paradox doesn&#39;t emerge by doing Hn(Hn), but H(Hn). We constructed Hn specifically to fool H, so it is by giving it to H that we trigger the paradox.</p>

<p>You do however point out a good point though. One of the ways H could work is by running the contents of Q and analyzing the runtime. However, we know it couldn&#39;t work like that because to work on Hn it would have to run the internal H(Hn) that exists inside of Hn. Such an operation would loop forever, making H not a decider. This is perfectly fine - H can&#39;t exist at all, so the fact that a specific version of H can&#39;t exist does not contradict the proof.</p>
</div>",UntangledQubit,4
147,jnnwewp,1686408470.0,"> If you don't provide an internal input for the machine you are using as input, of course you can't analyze how it's going to run.

This is an important statement, but I think it's also irrelevant. If you had instead said ""of course you can't judge whether the Halting-Solving TM works based on its output on this faulty input"" I would agree with you. It just got as input a machine and no input for that machine, why would you expect a sensible answer from it?

But nonetheless the Halting-Solving TM will do some actions based on this faulty input and this Halting-Solving TM will either halt or not halt. For instance it can just realise that its input is faulty and halt. Or it can see that its input is faulty and out of annoyance it can enter an infinite loop. Just because it's not the input you're expecting doesn't invalidate it from being a TM that has gotten an input and is taking actions. If you can solve the Halting problem you should be able to analyse what the Halting-Solving TM does even in this case.

If you go through the proof again with this in mind, I hope it will be more clear.","<div class=""md""><blockquote>
<p>If you don&#39;t provide an internal input for the machine you are using as input, of course you can&#39;t analyze how it&#39;s going to run.</p>
</blockquote>

<p>This is an important statement, but I think it&#39;s also irrelevant. If you had instead said &quot;of course you can&#39;t judge whether the Halting-Solving TM works based on its output on this faulty input&quot; I would agree with you. It just got as input a machine and no input for that machine, why would you expect a sensible answer from it?</p>

<p>But nonetheless the Halting-Solving TM will do some actions based on this faulty input and this Halting-Solving TM will either halt or not halt. For instance it can just realise that its input is faulty and halt. Or it can see that its input is faulty and out of annoyance it can enter an infinite loop. Just because it&#39;s not the input you&#39;re expecting doesn&#39;t invalidate it from being a TM that has gotten an input and is taking actions. If you can solve the Halting problem you should be able to analyse what the Halting-Solving TM does even in this case.</p>

<p>If you go through the proof again with this in mind, I hope it will be more clear.</p>
</div>",finedesignvideos,2
148,jt2lsrj,1690077773.0,"Imagine we claim to have a magical machine, let's call it the ""Haltinator"" (H), which can perfectly predict whether any given program (M) will halt (stop running) on any input (w). If the program M halts on input w, the HalÙÄÜünator cheers with a big ""Yes!"" If the program M will run forever on w, the HalÙÄÜünator solemnly says ""No.""  
Now, let's suppose we design another cunning machine called the ""Defiant"" (D) that uses the HalÙÄÜünator as part of its mechanism. The Defiant, when given a program (M), asks the HalÙÄÜünator whether that program will halt if it is given a copy of itself as input. That is, D asks H about M running on M. Then the Defiant does something tricky: it decides to do the opposite of what the Haltiator predicts.  
So, if the Haltinator says ""Yes,"" meaning M halts on M, the Defiant decides to run forever. If the Haltinator says ""No,"" meaning M would run forever on M, the Defiant decides to halt.  
The real trouble begins when we ask the Defiant about itself: ""Hey Defiant, will you halt if you are given yourself as input?"" No mater what the Haltinator says, we hit a logical paradox. If the Haltinator predicts the Defiant will halt on itself, the Defiant is designed to do the opposite and run forever. If the Haltinator predicts the Defiant will run forever on itself, the Defiant halts, contradicÙÄÜüng the Haltinator's prediction.","<div class=""md""><p>Imagine we claim to have a magical machine, let&#39;s call it the &quot;Haltinator&quot; (H), which can perfectly predict whether any given program (M) will halt (stop running) on any input (w). If the program M halts on input w, the HalÙÄÜünator cheers with a big &quot;Yes!&quot; If the program M will run forever on w, the HalÙÄÜünator solemnly says &quot;No.&quot;</p>

<p>Now, let&#39;s suppose we design another cunning machine called the &quot;Defiant&quot; (D) that uses the HalÙÄÜünator as part of its mechanism. The Defiant, when given a program (M), asks the HalÙÄÜünator whether that program will halt if it is given a copy of itself as input. That is, D asks H about M running on M. Then the Defiant does something tricky: it decides to do the opposite of what the Haltiator predicts.</p>

<p>So, if the Haltinator says &quot;Yes,&quot; meaning M halts on M, the Defiant decides to run forever. If the Haltinator says &quot;No,&quot; meaning M would run forever on M, the Defiant decides to halt.</p>

<p>The real trouble begins when we ask the Defiant about itself: &quot;Hey Defiant, will you halt if you are given yourself as input?&quot; No mater what the Haltinator says, we hit a logical paradox. If the Haltinator predicts the Defiant will halt on itself, the Defiant is designed to do the opposite and run forever. If the Haltinator predicts the Defiant will run forever on itself, the Defiant halts, contradicÙÄÜüng the Haltinator&#39;s prediction.</p>
</div>",Rorza0093,2
149,jnl4me4,1686348358.0,[deleted],"<div class=""md""><p>[deleted]</p>
</div>",,-7
150,jnnzftl,1686409937.0,"I think the confusion is stemming from the different ways a ‚Äúprogram‚Äù can be used. 
You can think of the hypothetical program Hn as a string of code saved in a text file. This is both a program you can run, but also just a simple text file you can edit.

When we write just Hn this really means look at the  program as a text file. Do source code manipulation, but don‚Äôt actually run it. When we write Hn(X) this means run the program Hn with the *string-valued* input X. So when we write Hn(Hn), what this really means is run the program with souce code Hn on the text file Hn. The inner part doesn‚Äôt need an input, it‚Äôs just text.","<div class=""md""><p>I think the confusion is stemming from the different ways a ‚Äúprogram‚Äù can be used. 
You can think of the hypothetical program Hn as a string of code saved in a text file. This is both a program you can run, but also just a simple text file you can edit.</p>

<p>When we write just Hn this really means look at the  program as a text file. Do source code manipulation, but don‚Äôt actually run it. When we write Hn(X) this means run the program Hn with the <em>string-valued</em> input X. So when we write Hn(Hn), what this really means is run the program with souce code Hn on the text file Hn. The inner part doesn‚Äôt need an input, it‚Äôs just text.</p>
</div>",Kroutoner,1
151,jt7e2gy,1690168679.0,"This might be a late reply but I tried to draw an image to illustrate the idea.

[https://imgur.com/a/qcYxat4](https://imgur.com/a/qcYxat4)","<div class=""md""><p>This might be a late reply but I tried to draw an image to illustrate the idea.</p>

<p><a href=""https://imgur.com/a/qcYxat4"">https://imgur.com/a/qcYxat4</a></p>
</div>",Ok-Garlic-6570,1
