,created_utc,title,text,author,score,upvote_ratio,num_comments,url
0,1701649487.0,Weird AL criticizing spotify pay from the millions of streams his songs produced on the site.,,ADignifiedLife,8756,0.96,687,https://v.redd.it/1uckv3zy864c1
1,1701633271.0,Transporting a nuclear missile through town,,ProfessorMoobs,31980,0.94,2220,https://v.redd.it/t0fml5l5w44c1
2,1701640724.0,"The average cat's reaction time is 20-70 milliseconds, which is faster than the average snake's time of 44-70 ms",,Stotallytob3r,2297,0.97,87,https://v.redd.it/46pn61tij54c1
3,1701607095.0,"Peter Lammer was involved in a motorcycle crash. When doctors advised him to retire, he came up with this.",,BlueBucketMaple,36002,0.93,821,https://v.redd.it/yb9rbh0fr24c1
4,1701612491.0,Road built to save trucks having brake failure,,Far-Stay9417,14733,0.96,582,https://v.redd.it/87lvg0xj734c1
5,1701612259.0,Roopkund Lake,,heyvaltikka,7275,0.97,199,https://i.redd.it/h5m40snv634c1.jpg
6,1701631382.0,Some photos I took of a subdivision that is 3D printing houses!,,theshreddening,1831,0.97,182,https://www.reddit.com/gallery/18a0y8a
7,1701637091.0,Handcrafted teapot ,,_leah_benson,1245,0.97,60,https://v.redd.it/p5dqcxr9854c1
8,1701626276.0,This robot makes hole-in-one! He does not even celebrate!,,jpc4stro,2083,0.98,42,https://v.redd.it/75hjkopic44c1
9,1701660187.0,Ken storne New death dive world record at 132 feet. ,,urmomsloosevag,311,0.91,43,https://v.redd.it/18mdpmbe574c1
10,1701605293.0,More exciting than NASCAR ,,Efficient_Sky5173,4441,0.96,211,https://v.redd.it/b2gxvby5m24c1
11,1701633168.0,Brazilian indigenous people reacting to a picture of a “grey alien”,,qwertlol,948,0.79,166,https://v.redd.it/9tcqssqnw44c1
12,1701601613.0,Laminar Flow Effect,,NEARLY_MEME_GOD,4626,0.97,54,https://v.redd.it/ta3gczx7b24c1
13,1701637069.0,AeonR thrust chamber assembly testing,,Bihema,621,0.98,30,https://v.redd.it/fq7ntemn854c1
14,1701633832.0,A talking Raven,,freudian_nipps,705,0.97,41,https://v.redd.it/2nlkrz11z44c1
15,1701632020.0,Found these combs on a hiking trail behind my house,,atony1984,775,0.95,47,https://i.redd.it/0x35girmt44c1.jpg
16,1701660372.0,What cows look like after a shampoo and blow dry,,City-til-I-Die,175,0.95,22,https://www.reddit.com/gallery/18ab6fm
17,1701655370.0,Woodworking tool cabinet,,toolgifs,220,0.96,20,https://v.redd.it/wavzovezv24c1
18,1701630140.0,Tree falls as people surf the Eisbach in Munich during heavy snowstorm (02/12/23),,muitosabao,556,0.94,21,https://v.redd.it/qdykz9qzn44c1
19,1701614812.0,The way Marlin hunts,,unclustered,1113,0.99,24,https://v.redd.it/wh34r5pge34c1
20,1701659782.0,"The town of Whittier, Alaska, is known for having nearly the entire population living in a single apartment building. The building is called Begich Towers, a 14-story apartment complex that houses about 90% of the town's residents (total: 272).",,City-til-I-Die,94,0.91,17,https://i.redd.it/aes6ysv6474c1.jpg
21,1701619178.0,"Violet Jessop Survived The Sinking of The Titanic, Britannic and Olympic.",,Monsur_Ausuhnom,475,0.97,90,https://i.redd.it/jb1hmd0fr34c1.jpg
22,1701568406.0,Crow attempting to crack a Nut with a Brick.,,EmptySpaceForAHeart,7028,0.99,148,https://v.redd.it/5ehqen36kz3c1
23,1701636886.0,Handcrafted teapot ,,_leah_benson,124,0.85,7,https://v.redd.it/yzzmjxj2854c1
24,1701600754.0,"Israeli drone: ""Residents of Khillat Farra(West Bank), protect yourselves, protect your children. If anyone thinks of doing something we will reach him, and if necessary k*ll him""",,catguyalreadytaken,784,0.76,651,https://v.redd.it/y0rmv99f824c1
25,1701550989.0,How the effect of speed prevents you from falling into a hole in the road,,jpc4stro,45795,0.84,1159,https://v.redd.it/7yd8isoo4y3c1
26,1701605115.0,Camera sent down a hole in East Antarctica uncovers Earth's oldest ice (=2 million yrs old),,Alarmed_Rise_3899,612,0.88,160,https://v.redd.it/xra5wtwll24c1
27,1701565608.0,Mexicans are throwing supplies to migrants from South Americans who are taking train to U.S border.,,FACTORthebeast,4673,0.92,409,https://v.redd.it/gyfcjri3cz3c1
28,1701644670.0,Recycling the automotive grade,,binspolicy,75,0.87,7,https://v.redd.it/fso5jr22344c1
29,1701582267.0,3D printing technology used to build houses,,Spiritual_Ear_3456,1525,0.84,208,https://v.redd.it/9qlzfk2hp04c1
30,1701667363.0,The World’s Oldest Forest Has 385-Million-Year-Old Tree Roots,,NotWorthyByAnyMeans,20,0.95,5,https://i.redd.it/a0ojd2hqq74c1.jpg
31,1701610363.0,Tacoma Bridge shortly before collapsing just 4 months after opening in 1940,,TheJesterJimmy,341,0.93,77,https://i.redd.it/vn86jmr7134c1.gif
32,1701648016.0,Don't know if you guys would find this interesting enough but here is my first attempt using an imaging technique called Lattice Lightsheet on a frog embryo. The embryo is fluorescently labelled. The purple dots are the nuclei of the outer cell layer; the red is macrophages spreading underneath.,,TheBioCosmos,46,0.88,11,https://v.redd.it/xj05inp6564c1
33,1701625986.0,Saw some colourful reflections in bubbles outside today,,xharry998,139,0.94,6,https://i.redd.it/t6elqtjob44c1.jpg
34,1701608916.0,"During the American Civil War, Mount Vernon (the home of George Washington) was considered to be neutral ground by both sides. Union and Confederate troops often simultaneously toured the buildings and viewed Washington's tomb even as fighting continued to rage in the neighboring countryside.",,Sensei_of_Knowledge,300,0.98,10,https://i.redd.it/6t53kbotw24c1.jpg
35,1701612862.0,Clearing Snow off a football stadium with a helicopter,,Express-Tough-5286,225,0.96,8,https://v.redd.it/6r146wftv14c1
36,1701535039.0,Cooking potatoes in boiling sand,,DE_REKT2,16261,0.91,1138,https://v.redd.it/0qepesw8tw3c1
37,1701539664.0,"Tim Henson of Polyphia, performing ""Playing God"" unplugged. ",,freudian_nipps,6800,0.9,472,https://v.redd.it/uv4olqmv6x3c1
38,1701571346.0,Beneath of this squid’s skin are thousands of color-changing cells,,Stunning-Pension7171,841,0.96,23,https://v.redd.it/3ytg64v2tz3c1
39,1701532774.0,Exact moment when news station switches from black and white to color TV for the first time,,Kind-Temperature4385,6091,0.97,64,https://v.redd.it/5lse68uimw3c1
40,1701570484.0,These are candles from a local candle maker.,,MadamMyztery,717,0.95,47,https://www.reddit.com/gallery/189je8x
41,1701622423.0,Kate Middleton’s Connection to WWII Code Breakers,,TheMuseumOfScience,50,0.65,17,https://v.redd.it/tkxpgx73144c1
42,1701548020.0,Walking Bald Eagle,,Mattau93,2058,0.96,153,https://v.redd.it/0zr87rjtvx3c1
43,1701630829.0,Normal child dentition,,OsgrobioPrubeta,31,0.77,4,https://i.redd.it/6gvisyt2q44c1.jpeg
44,1701554903.0,Over 70% of the Palestinians freed from prison during the ceasefire were minors and women.,,Hasu_Kay,1138,0.67,898,https://i.redd.it/hlbr8e4cgy3c1.jpeg
45,1701608459.0,Penguins snatch 11 hours of sleep through seconds-long micronaps,,GroundbreakingGur930,61,0.85,5,https://www.todayonline.com/world/penguins-snatch-11-hours-sleep-through-seconds-long-micronaps-2316401
46,1701614399.0,Select a muscle and it provides you with exercises to workout the selected muscle,,elegantloba,43,0.88,2,https://musclewiki.com/
47,1701508504.0,He build stunning ship out of wood strips,,howtochangename1,15916,0.9,339,https://v.redd.it/ehwjca7bmu3c1
48,1701621580.0,This Sonic poster in the 2000s created by Spax 3,,Available_Reason7795,22,0.75,2,https://i.redd.it/bv798lhly34c1.jpg
49,1701566149.0,"The 24 Hours of Reingers is a race for tractors held on temporarily closed public roads. Out of 85 tractors that entered the 2023 race, 71 went the full distance",,Brutal_Deluxe_,361,0.93,17,https://v.redd.it/rdm5p6eh9z3c1
50,1701505181.0,"During the French protests, this man repelled a burglary with his medieval sword.",,samehada_manga,9989,0.97,390,https://v.redd.it/x4dg2rvfcu3c1
51,1701512923.0,Contraband found in fake lumber attempting to enter Texas prison.,,f1shJ3rkey,5195,0.97,327,https://i.redd.it/tn1mizyy3t3c1.png
52,1701530653.0,Water filled with micro-organisms,,RezGato,1666,0.93,90,https://v.redd.it/nwebb0w4gw3c1
53,1701538678.0,Adding the speaker-wire terminals to this amp causes the light on my drill to turn on,,Isha_Godzirra,916,0.93,64,https://v.redd.it/9pd0ddw24x3c1
54,1701574706.0,(Found by professor Hesham Sallam) The duck bone on the left was fractured then healed via a 'bone bridge'. Same bone (normal) on the right for comparison. Matchstick for scale.,,evening_shop,129,0.96,5,https://i.redd.it/x107ep16304c1.jpg
55,1701562861.0,View of ground-level fog from plane landing in Philadelphia.,,ZeitGeist001,217,0.94,10,https://www.reddit.com/gallery/189h2xd
56,1701524007.0,Corn Snake's Defence Position,,jonandreyuaosuni,1261,0.97,75,https://v.redd.it/sgq59kedwv3c1
57,1701512931.0,Favourite dance move of each country (@ed.people),,Efficient_Sky5173,2125,0.93,97,https://v.redd.it/e0b3ijk7zu3c1
58,1701559595.0,Amateur Astronomers dream..! My Friend and I Discovered a New Nebula in Scorpius' Tail from my backyard - Meet the 'Phantom Stinger Nebula!,,bsteeve_astro,190,0.95,7,https://i.redd.it/g1g4w879uy3c1.jpg
59,1701527394.0,When loopholes backfire,,Accurate-Head-6134,959,0.88,34,https://v.redd.it/0eqhycf33w3c1
60,1701597101.0,Newspaper article illustrating how Agatha Christie might be disguised. She disappeared on this day 97 years ago,,happy-little-atheist,26,0.79,4,https://live-production.wcms.abc-cdn.net.au/c34fcc8e43a04bbe30772ba370d5d17c?impolicy=wcms_crop_resize&cropH=2303&cropW=3454&xPos=0&yPos=0&width=862&height=575
61,1701574374.0,"Cicadas Are So Loud, Fiber Optic Cables Can ‘Hear’ Them -- ""In 2021, scientists experimenting with fiber optics picked up a strange signal: the cacophony of cicadas. It could lead to a new way of monitoring insects.""",,throwaway16830261,79,0.91,3,https://www.wired.com/story/cicadas-are-so-loud-fiber-optic-cables-can-hear-them/
62,1701558800.0,Mark Zuckerberg resemblance to King Philip,,Narco_Star,138,0.71,41,https://i.redd.it/gsle0k8xry3c1.png
63,1701539021.0,I need to make that,,Feisty_Programmer306,307,0.93,24,https://v.redd.it/1d2s6fs35x3c1
64,1701528668.0,"A 1516 Leonardo Da Vinci spiral staircase in Chambord Castle, located in the Loire Valley, France.",,iklegemma,428,0.97,11,https://i.redd.it/6gjoyoh8aw3c1.png
65,1701539125.0,"Applying a new tin lining in my everyday 1qt saucepan, an antique Allez Freres (c. 1890s Paris department store line of copper pots)",,morrisdayandthethyme,237,0.87,24,https://v.redd.it/1tbbquse5x3c1
66,1701523580.0,American bomber/fighter pilots’ reaction to the ME 262,,fish___fucker___69,453,0.76,55,https://v.redd.it/cf5har55vv3c1
67,1701472558.0,Jetski on a reflective lake,,Piraxerie,6851,0.98,83,https://v.redd.it/djrv1jefnr3c1
68,1701465467.0,"Door sign of George Santos, the newly expelled congressman, removed from his Capitol office.",,iFoegot,8024,0.94,487,https://v.redd.it/y6t39sfd2r3c1
69,1701454234.0,Musket vs Medieval armor in slow motion,,Pineapple__Warrior,40092,0.92,1124,https://v.redd.it/zzngwmvy4q3c1
70,1701491064.0,Title,,Feisty_Programmer306,1717,0.95,44,https://v.redd.it/qbmhvqwh6t3c1
71,1701510762.0,Megalopolis of Ants,,hoser82,595,0.95,30,https://v.redd.it/0clim16wsu3c1
72,1701470822.0,"Rie Ota is the first woman to portray a kaiju in the Godzilla series,(Baragon).",,EmptySpaceForAHeart,4372,0.97,75,https://v.redd.it/08ly476ohr3c1
73,1701476580.0,Making a Bar Mat,,jonandreyuaosuni,3103,0.97,47,https://v.redd.it/ucaygfbazr3c1
74,1701485419.0,"There's a village in Italy called Viganella, nestled in a valley surrounded by mountains that cast a long shadow over the entire village for three months each winter. In 2006, they installed a giant mirror on one of the peaks to reflect sunlight, providing light and warmth to the village.",,LexicalLegend,1836,0.99,46,https://www.reddit.com/gallery/188tscz
75,1701459961.0,"The sun has a coronoal spot and its huge, since 12 hr ago.",,MrMilobongo,7201,0.98,729,https://i.redd.it/d1n0sor0mq3c1.png
76,1701531457.0,Inside of La Sagrada Familia in Barcelona,,raisinbrans,139,0.94,11,https://i.redd.it/jydl206kiw3c1.jpeg
77,1701487234.0,Germany Reacts to Trump's UNGA Speech - September 2018,,Mattau93,1246,0.81,735,https://v.redd.it/x6mas1a3vs3c1
78,1701445573.0,That sign didn’t stand a chance,,Efficient_Sky5173,10787,0.96,218,https://v.redd.it/zzdawhi8fp3c1
79,1701473292.0,The Tortoise beetle larvae: The hair like strains is feces used to protect itself.,,ADignifiedLife,1543,0.98,94,https://v.redd.it/5a8zt1x1pr3c1
80,1701526183.0,"August 15, 2007: Earth reflected in the helmet visor of NASA Astronaut Clayton C. Anderson, the photographer and International Space Station Expedition 15 Flight Engineer.",,throwaway16830261,94,0.94,8,http://chamorrobible.org/images/photos/gpw-20061021-NASA-ISS015-E-22561-space-ISS-Expedition-15-Flight-Engineer-helmet-visor-reflections-clouds-Earth-20070815-large.jpg
81,1701468663.0,AGM-179 Joint Air-to-Ground Missile vs pickup truck in slow motion.,,ZealousidealLuck6303,1759,0.95,174,https://v.redd.it/am2f7huvbr3c1
82,1701449227.0,A spider shows its amazing web making skills.,,aaaronbrown,3654,0.97,108,https://v.redd.it/a471j8q3qp3c1
83,1701455491.0,Annual hairstyle competition in Africa,,pigbrotha,2028,0.91,100,https://v.redd.it/annbbf249p3c1
84,1701448602.0,World's most venomous fish,,unclustered,1878,0.96,156,https://v.redd.it/uhnkf3flnp3c1
85,1701509876.0,The way he created the model of the ship from the Pirates of the Caribbean movie is amazing,,CautiousAd9941,80,0.77,9,https://v.redd.it/ivyfenoiat3c1
86,1701462686.0,Sigmund Freud aged 26 and 36,,verbaud,522,0.84,170,https://blot.blog/image/sigmund-freud-aged-26-and-aged-36.jpg
87,1701490179.0,"Maceió - Brazil, where the entire town is collapsing into an abandoned salt mine and it has sunken 7ft in the last 24 hours.",,bassistmuzikman,121,0.87,7,https://v.redd.it/xcyeb30zrs3c1
88,1701475464.0,A tiny mustache placed on a single red blood cell,,_just_here_to_see_,199,0.91,49,https://i.redd.it/i5y87s84wr3c1.jpg
89,1701416906.0,First images of Japan's new nuclear fusion reactor (JT-60SA),,Muke_46,4131,0.98,194,https://v.redd.it/cu2ctvvv1n3c1
90,1701457629.0,"Koala babies are called joeys. They climb from the birth canal through the fur on her abdomen to the pouch. From 5 months they pop their head out & feed on a special food called ‘pap’, a soft form of the mother’s droppings allowing her to pass on tiny organisms necessary for digesting gum leaves",,YowieDingo,373,0.96,24,https://v.redd.it/7hi0vyo2fq3c1
91,1701437807.0,"A reconstruction of what the world's first modern human looked like from around 160,000 years ago (Moesgaard Museum, Denmark)",,isnisse,1013,0.88,399,https://i.redd.it/58lx5pc5so3c1.jpg
92,1701424630.0,660-ton stabilizing ball shakes in 508-meter skyscraper during powerful earthquake,,Black_RL,1664,0.95,63,https://v.redd.it/xfhytvnyon3c1
93,1701394699.0,"French people eating the Ortolan bird delicacy. The small song bird is force fed grains to fatten it up, then drowned in brandy. Once prepared, the bird is then eaten whole in one bite, except for the beak. Diners cover themselves with napkins to hide their sin from God.",,Mattau93,14722,0.8,3763,https://www.reddit.com/gallery/187zhxs
94,1701437298.0,Jackie Chan´s Film Injuries,,guesthouseq4,665,0.93,84,https://i.redd.it/16ee40wlqo3c1.png
95,1701414288.0,Video from the 1960s predicting life in the year 2000,,primusucks_,1994,0.96,232,https://v.redd.it/2xa9m1bnnl3c1
96,1701447907.0,"The first navigator with a set of maps that had to be scrolled by hand, 1920.",,amonaloli12,336,0.97,16,https://i.redd.it/hcidcxd6mp3c1.jpeg
97,1701463242.0,"Walter Afanasieff, the man who produced and co-wrote “All I Want For Christmas Is You”, explains how the most-streamed Christmas song in the world was conceived. ",,waitingforthesun92,146,0.89,11,https://v.redd.it/wxhkwathvq3c1
98,1701413946.0,Wave clouds over mountains Wyoming 2022,,Spiritual_Ear_3456,1036,0.98,11,https://i.redd.it/j2b3natyrm3c1.jpg
99,1701380422.0,Nowadays technology,,RedditUserPotato,6616,0.94,80,https://v.redd.it/p1twg4ii1k3c1
100,1701454278.0,Pierrefonds Castle France,,Next-Mobile-9632,113,0.96,6,https://imgur.com/wuF4KaK
101,1701468614.0,Biltmore House in North Carolina has 250 Rooms,,Next-Mobile-9632,48,0.79,8,https://imgur.com/6ZTw97j
102,1701463566.0,Oslo airport pre-departure wellness treatment,,Fejetlenfej,66,0.75,17,https://v.redd.it/15a80h5qwq3c1
103,1701377500.0,China’s bike share graveyard,,YowieDingo,3254,0.92,423,https://v.redd.it/sjd1whjmsj3c1
104,1701533923.0,The history of US federal income tax,,Salanmander,1,0.51,9,https://i.redd.it/fmbw7rrppw3c1.png
105,1701360335.0,Those are some best high quality moves,,shankingsh,9675,0.86,697,https://v.redd.it/0r1g351pdi3c1
106,1701375470.0,How they mark walk/bike lanes during winter in Oulu/Finland,,Kekkonen_Kakkonen,3103,0.99,40,https://www.reddit.com/gallery/187rzr8
107,1701375751.0,"The voice actors behind The Simpsons, in 1992. ",,freudian_nipps,2472,0.95,47,https://v.redd.it/a1ylf39mnj3c1
108,1701470054.0,First Boeing 787 Dreamliner Lands on Icy Runway in Antarctica,,blonderengel,14,0.67,3,https://www.smithsonianmag.com/smart-news/the-first-boeing-787-dreamliner-lands-in-antarctica-180983340/
109,1701337314.0,George Bush Sr’s dog got so fat in 1992 that he had to send this memo to all White House staff,,frituurgarnituur,36176,0.95,886,https://i.redd.it/c7p0efsbhg3c1.jpg
110,1701382061.0,Dolphins purposely getting high on pufferfish,,Stunning-Pension7171,1268,0.97,69,https://v.redd.it/h5aqw58d6k3c1
111,1701537200.0,Simulation of water cremation instead of burning body is truly terrifying,,ObjectiveAd6551,0,0.48,31,https://www.ladbible.com/news/health/water-cremation-burial-uk-england-scotland-497978-20231129
112,1701400765.0,U.S. tap water has a $47 billion forever chemicals problem,,SassyPikachuu,299,0.9,58,https://www.cnbc.com/2023/11/30/pfas-and-lead-lurk-in-us-drinking-water-is-tap-still-safe-to-drink.html
113,1701365354.0,This is what you can do with a 3D pen,,DmitriyBragin,1715,0.9,42,https://v.redd.it/xh5s8gujsi3c1
114,1701391923.0,Super Storm Sandy: Beach 60th Street split like a zipper,,KeithTC,338,0.97,13,https://i.redd.it/lyzcnjvfzk3c1.jpeg
115,1701339411.0,Chad Shorty,,Vaanaram,6144,0.94,150,https://i.redd.it/bbivt3ckng3c1.jpg
116,1701362287.0,Using sound to potentially cure cancer ( Called Histotripsy),,ADignifiedLife,1469,0.96,94,https://v.redd.it/78xnb6ziji3c1
117,1701444237.0,TWINS? 70-Year-Old Ugandan Miraculously Gives Birth,,Excellent_Hall_6954,20,0.62,23,https://easypalmo.com/70-year-old-ugandan-miraculously-gives-birth/
118,1701397948.0,ISS and Chinese space station passing over at the same time..,,dottat17403,210,0.92,13,https://v.redd.it/mz2hp3fkhl3c1
119,1701326088.0,Ronnie Coleman when he was a cop,,urmomsloosevag,11995,0.95,524,https://v.redd.it/h4mi7c4yjf3c1
120,1701392204.0,"Northern lights, forest fire smoke and a Perseid meteor (if you can spot it) from Naramata BC",,DancesWithWolfman,258,0.97,7,https://v.redd.it/6j4654lj0l3c1
121,1701351178.0,Bubbles bubbles bubbles,,linwin,2060,0.98,42,https://v.redd.it/qgbd3x8imh3c1
122,1701412865.0,A warning label installed on an old lathe.,,Probablyawerewolf,69,0.74,24,https://i.redd.it/4c5h38bzpm3c1.jpg
123,1701352462.0,"Jim Morrison and Harrison Ford backstage at the Bakersfield Civic Center, during the time when Harrison Ford worked as a roadie for The Doors, 1968.",,Few_Simple9049,1304,0.97,53,https://v.redd.it/ed3fr0nbqh3c1
124,1701382315.0,70 years old woman gives birth to twins.,,EmrickFe,282,0.71,191,https://i.redd.it/atfygfx47k3c1.jpg
125,1701360855.0,"Valley View from Ronda, Spain",,raisinbrans,839,0.98,16,https://v.redd.it/zyz7nluafi3c1
126,1701389499.0,Oxford bag trousers look like old timey JNCOs,,mandogvan,147,0.89,35,https://www.reddit.com/gallery/187wgp5
127,1701366157.0,Wolf being chased by the cops. Bonus growl,,QueenoftheMorons,446,0.74,124,https://v.redd.it/ibiukfrdui3c1
128,1701381763.0,The Actual Size of a Utahraptor's Skull.,,EmptySpaceForAHeart,202,0.95,22,https://i.redd.it/86hm0rv85k3c1.jpeg
129,1701322597.0,A Muntjac deer with scent glands near its eyes,,flattenedbricks,3898,0.94,249,https://v.redd.it/r40q3fkk9f3c1
130,1701314092.0,"Your perception of yourself in a mirror, explained",,Kr0pr0X,4774,0.95,214,https://v.redd.it/57bsltu8ke3c1
131,1701304566.0,Hamas releases footage of 6th batch of hostages being released ,,Hasu_Kay,8190,0.86,3821,https://v.redd.it/4eov2mgnrd3c1
132,1701350307.0,A fossilized predatory fish with its prey in its belly,,JurassicPark9265,521,0.99,11,https://i.redd.it/rvlg1y9xjh3c1.jpg
133,1701298841.0,"Samuel J. Seymour, reportedly the last living witness to the assassination of Abraham Lincoln, on a game show in 1956, 9 weeks before his death.",,MassiveAnimeChebs,8743,0.96,211,https://v.redd.it/udpg2tirad3c1
134,1701354128.0,This elevator in Shenzhen will scan your face and take you to your designated floor automatically.,,Cyrone007,403,0.7,328,https://i.redd.it/k81zure8vh3c1.jpg
135,1701318298.0,Mother Cheetah takes on Lioness to save her Cubs.,,EmptySpaceForAHeart,2098,0.98,68,https://v.redd.it/bt57knihue3c1
136,1701442216.0,"South America with negative latitude, compared to Europe, Africa and the Middle East (Mercator projection).",,Fredquency,3,0.52,9,https://i.redd.it/ff86mlkz4p3c1.png
137,1701358754.0,Sequoia National Park California,,Next-Mobile-9632,123,0.93,5,https://imgur.com/eOhXLHI
138,1701274885.0,"A 3,000-year-old bronze sword unearthed in Germany",,licecrispies,14977,0.95,401,https://www.reddit.com/gallery/186tazf
139,1701277600.0,Jimmy Carter installed solar heating panels on the White House in hopes of inspiring Americans to do the same. Later Ronald Reagan tore them down and ended the tax credits.,,topcat5,9177,0.93,833,https://yaleclimateconnections.org/2023/02/the-forgotten-story-of-jimmy-carters-white-house-solar-panels/
140,1701266736.0,You can drive just about anything at Nürburgring!,,GhztPpR,33913,0.96,1412,https://v.redd.it/xoo2i8awma3c1
141,1701320646.0,"NASA's Vehicle Assembly Building is the largest one story building in the world (526 ft tall/160 m). The blue section of the flag with the stars is the size of an NBA regulation size basketball court, and each flag stripe is 9 ft/2.74m wide, meaning a full size bus could drive on it with no overhang",,Mattau93,633,0.96,51,https://www.reddit.com/gallery/187afdh
142,1701333220.0,"How NISAR will deploy its 39-foot space radar. It's going to be the world's most advanced and expensive earth imaging satelite being able to scan through mountain, forests,ice caps with its 2 space radars. Launch in early 2024. ",,FearlessRestaurant98,166,0.93,21,https://v.redd.it/ejvcwp345g3c1
143,1701296929.0,My broccoli and cheese soup was making noises like a squirrel after reheating it. Not trolling! It very much happened.,,4DoubledATL,887,0.82,107,https://v.redd.it/ttvey9v85d3c1
144,1701369469.0,A forgotten trove of rare video games could now be worth six figures,,Turd_Burglerson,20,0.7,6,https://www.npr.org/2023/11/29/1215866633/video-games-nintendo-nebraska-collection-sega-genesis?utm_source=pocket-newtab-en-us
145,1701260954.0,The Cockpit of A330,,jonandreyuaosuni,4832,0.98,194,https://v.redd.it/c2i4e5346a3c1
146,1701254819.0,Hot and cold tap water taken with a thermal camera,,Swigor,5098,0.93,179,https://v.redd.it/jzzcbduyn93c1
147,1701298774.0,Spring-loaded ‘cyanide bombs’ were planted to take out coyotes. They ended up killing thousands of pets,,CAKE_EATER251,418,0.84,61,https://www.independent.co.uk/news/coyotes-cyanide-bomb-killed-dogs-b2455310.html
148,1701292978.0,"On this day, the SS Daniel J. Morrell sunk in 1966 after she broke in 2 and sunk in 60mph winds with 20 foot waves leaving one to survive out of 29. It is the third largest ship to ever sink in the Great Lakes, the other being the SS Carl D. Bradley and of course the SS Edmund Fitzgerald.",,Lovehistory-maps,541,0.97,51,https://www.reddit.com/gallery/1870gpu
149,1701298999.0,Former Slave Writes Letter to Ex Master,,happyhomemaker29,280,0.87,70,https://www.upworthy.com/formerly-enslaved-mans-letter-to-former-master-rp
150,1701486486.0,This is a 5000x5000 maze (10k x 10k pixels) that I generated. Zoom in.,,Nswl,0,0.24,17,https://i.redd.it/eeo1fwmkss3c1.png
151,1701259841.0,"I shot the Rosette Nebula for about 3 hours, looks like a skull that is 65 light years wide",,kram_02,1031,0.98,38,https://i.redd.it/7llfuu9y2a3c1.png
152,1701478254.0,"The 'bionic' girl who doesn't eat, rarely sleeps and doesn't feel pain",,whaddefuck,0,0.23,46,https://www.dailymail.co.uk/health/article-3401566/amp/The-bionic-girl-doesn-t-eat-rarely-sleeps-didn-t-feel-pain-dragged-street-car.html
153,1701349426.0,The Russian Empire’s Pigeon Stations: 1871 – 1916 A.D.,,navalpigeons,8,0.66,2,http://pigeons-of-war.com/2022/02/26/the-russian-empires-pigeon-stations-1871-1916/
154,1701310533.0,Bucks battle it out,,wiggiag,62,0.85,3,https://v.redd.it/alu8gtcxj73c1
155,1701222177.0,Cheetahs caught in South African snowstorm.,,EmptySpaceForAHeart,7084,0.98,141,https://v.redd.it/45jfqpkwy63c1
156,1701255961.0,"Loyalty oath of Nazi SS troops in Munich, Feldherrnhalle, 1938",,Maciokan,984,0.88,153,https://i.redd.it/fj7ipcncr93c1.png
157,1701499120.0,"More than 20,000 ft of plastic wrap to build the word's largest plastic wrap tent",,FaceplantStu,0,0.09,69,https://i.redd.it/cuup3xleut3c1.png
158,1701288931.0,"Liftoff of Space Shuttle Atlantis on September 8, 2000 from Florida, USA.",,throwaway16830261,115,0.91,8,http://chamorrobible.org/images/photos/gpw-20040817k-NASA-KSC-00PP-1416-liftoff-Space-Shuttle-Atlantis-STS-106-20000908-original.jpg
159,1701197109.0,Neil deGrasse Tyson shows his Box of Aerogel ,,Pfarrer_Assmann,24593,0.94,315,https://v.redd.it/jrm6cjxew43c1
160,1701226631.0,Nirvana casting call for smells like teen spirit,,forum4um,2071,0.98,66,https://i.redd.it/4ln2bcn7c73c1.jpg
161,1701190381.0,"Lake Superior's beaches are a popular spot for hunting Yooperlites, especially during nighttime UV light excursions, attracting collectors, rock enthusiasts, and curious adventurers.   ",,amartyamishraaa,20704,0.96,411,https://v.redd.it/7eiimd9ec43c1
162,1701210725.0,"The stump tailed chameleon, one of the smallest on the planet",,Stunning-Pension7171,3487,0.99,35,https://v.redd.it/jyge12vq063c1
163,1701253333.0,"Until not long ago UY Scuti was the largest star in the known Universe. Now, we know that Stephenson 2-18 is even larger. If it replaced the Sun at the center of our solar system, it would extend past the orbit of Saturn.",,Due-Dot6450,339,0.96,42,https://www.reddit.com/gallery/186m9sz
164,1701290512.0,Hot and cold tap water taken with a thermal camera,,mdri-,39,0.69,2,https://v.redd.it/y52qslpuo93c1
165,1701220947.0,Shipping furnace modules,,tommos,1287,0.98,63,https://v.redd.it/6neuox254p2c1
166,1701432726.0,"Kissinger was counselor not just to presidents, but to popes",,throwaway16830261,0,0.29,23,https://cruxnow.com/news-analysis/2023/12/kissinger-was-counselor-not-just-to-presidents-but-to-popes
167,1701197282.0,"The busiest day ever at US airports was Sunday, 26th November 2023, with 2,907,378 passengers screened on over 51,000 flights",,Stotallytob3r,4046,0.97,316,https://www.reddit.com/gallery/1863ehe
168,1701173566.0,rare video smuggled from North Korea showing soldiers at work in a construction site ,,ScaleneTryangle,42502,0.91,2609,https://v.redd.it/urazb6hey23c1
169,1701183588.0,The difference between octopus suckers and squid suckers,,MelanieWalmartinez,9440,0.98,180,https://v.redd.it/0h2cuod7s33c1
170,1701221755.0,Thrust Vectoring Drone by bresh9019 on YouTube,,Plupsnup,784,0.92,90,https://v.redd.it/21wddhqmx63c1
171,1701180212.0,1952 video on keeping mentally fit. Last couple of minutes.,,Front_Tax4694,5285,0.98,166,https://v.redd.it/53uwhqt5i33c1
172,1701387481.0,This intensely orange dye came out of the soda dispenser when I asked for orange Diet Coke. I'm not sure I'm happy about drinking this stuff.,,AlmanzoWilder,0,0.18,11,https://i.redd.it/7yktd84imk3c1.jpg
173,1701186177.0,"This tiny device mimics bird chirps. Recently restored by Michael Start, the intricate chirps are produced by a complex system of gears, springs, and bellows, craftsmanship beyond a typical sound loop.",,yepvaishz,1506,0.98,24,https://v.redd.it/sgkkpndwz33c1
174,1701154479.0,India's 'Moonwalking' Traffic Cop,,Horrorlover656,9131,0.98,309,https://v.redd.it/ego60myid13c1
175,1701187818.0,Self portraits in pencil 13 years apart: practise is everything!,,eteportraits,1176,0.95,48,https://i.redd.it/fq3lgpss443c1.jpg
176,1701257196.0,The Beauty Of Hawaii,,Next-Mobile-9632,35,0.73,5,https://imgur.com/E6RSUrW
177,1701184946.0,"Deep purple auroras in Denali National Park, Alaska",,VincentLedvina,1190,0.99,21,https://v.redd.it/8hvm4wjvv33c1
178,1701181410.0,"Paul Anka ""Put Your Head On My Shoulder"" on The Ed Sullivan Show",,Kind-Temperature4385,1177,0.89,93,https://v.redd.it/471wqysql33c1
179,1701202863.0,Another Inn photo from Istanbul. Build in 1523. Interesting fact about this Inn In 1554 Turks opened a world's very first coffee house here and began selling coffee.,,NoKaleidoscope4295,293,0.94,26,https://i.redd.it/hsdk1uajd53c1.jpg
180,1701146212.0,Buster Keaton showing off his rare daredevil stunts in 1920,,TripleBrain,5944,0.93,95,https://v.redd.it/juon4nwdmw2c1
181,1701374891.0,How to make nuclear weapons with a Thorium reactor,,nuclearsciencelover,0,0.43,27,https://v.redd.it/rjuiwb41lj3c1
182,1701207133.0,"Hachiko, the World's Most Loyal Dog, waited everyday at Shibuya station for 9 years, 9 months and 15 days for his master to return",,Pet1003,174,0.9,24,https://dogtricksworld.com/hachiko-worlds-most-loyal-dog-story/
183,1701175648.0,"5000-Year-Old Tablets Can Now Be Decoded by Artificial Intelligence, New Research Reveals",,yeahyouknowme2,428,0.93,65,https://thedebrief.org/5000-year-old-tablets-can-now-be-decoded-by-artificial-intelligence-new-research-reveals/
184,1701116916.0,"St. Elmo's Fire, seen from the cockpit of an airplane. ",,freudian_nipps,9039,0.96,300,https://v.redd.it/wcxxjqoy9y2c1
185,1701127696.0,There's toilet paper with more toilet paper inside of it instead of the cardboard core!,,Flying-ahole,3407,0.98,99,https://www.reddit.com/gallery/185h8tz
186,1701172771.0,NASA's James Webb image of a newborn star,,JwstFeedOfficial,288,0.98,8,https://i.redd.it/xyrrqlx0w23c1.jpg
187,1701102568.0,Archeologists in Egypt opened an ancient coffin sealed 2500 years ago,,shankingsh,15565,0.92,1623,https://v.redd.it/pvludff93x2c1
188,1701118975.0,"Chinese factory workers produce flags for Trump's 2020 election campaign with the slogan ""Keep America Great!""",,UnlimitedDuck,3940,0.9,415,https://i.redd.it/tnpxw413gy2c1.jpg
189,1701188262.0,"Grand Bazaar Inn. Build on 1460 as an Inn for the travelers and silk road traders. Fifty rooms, one stable, one Turkish bathhouse, one common room/restaurant and one small hospital. Now all these rooms (previously guest rooms) occupied by small jewelery makers' shops.",,NoKaleidoscope4295,94,0.93,1,https://i.redd.it/f7s7v994643c1.jpg
190,1701127985.0,Wave clouds riding mountains in Utah,,Spiritual_Ear_3456,2056,0.99,42,https://i.redd.it/i3d8lsqc6z2c1.jpg
191,1701126434.0,Excavation of an Easter Island Mo'ai,,jonandreyuaosuni,1968,0.97,138,https://i.redd.it/kteoalc82z2c1.jpeg
192,1701110304.0,Pub in Ireland makes an outstanding Christmas advert that even John Lewis commented on,,RightRightRightSide,3453,0.93,156,https://v.redd.it/v8fu66saqx2c1
193,1701110487.0,Mother Centipede carefully helping Newborn Molt.,,EmptySpaceForAHeart,2089,0.89,179,https://v.redd.it/gzc4y45pqx2c1
194,1701118346.0,Tackling Opioid Crisis with Wastewater,,TheMuseumOfScience,1191,0.94,72,https://v.redd.it/0vuqveywdy2c1
195,1701097381.0,"The Japanese destroyer Shimakaze was designed as an offense-oriented escort for the fleet, intended to deliver a large torpedo broadside into enemy lines. Shimakaze had both the largest torpedo battery (15 tubes) and the highest designed top speed (39 knots) of any destroyer during World War II.",,ThexLoneWolf,971,0.97,30,https://i.redd.it/5wc9i4xvnw2c1.jpg
196,1701055484.0,"You otter not belong to a gang. A few years ago in Singapore, a handful of otters started appearing. Jump to modern day and there are full out otter gang wars",,dogbytes,5167,0.97,192,https://v.redd.it/81r57fi47t2c1
197,1701050132.0,This coffee shop uses AI to measure the productivity of their employees and the time spent in the shop per customer,,jpc4stro,11112,0.72,2048,https://v.redd.it/xd5uf2ydrs2c1
198,1701097224.0,"My mom got these letters recently when her aunt died, which her dad sent her aunt/his sister in 1958 (when he was 23 y.o.) while serving in Germany",,VeloraVenn,517,0.93,27,https://www.reddit.com/gallery/1854wjn
199,1701044407.0,"""Watermelon Aurora"" last night in my backyard in Fairbanks, Alaska",,VincentLedvina,5516,0.97,127,https://v.redd.it/9kzdz5cbas2c1
200,1701122551.0,His bigger achievement might be him winning Golds for every single Men’s distance during this championship.,,Dewch,77,0.87,1,https://i.redd.it/nza75paqqy2c1.jpg
201,1701092857.0,"Back when there weren't cars in Northern Norway, reindeer were one of the best mode of transport, meaning they had to be well taken care off",,reindeerareawesome,338,0.95,12,https://i.redd.it/km2wenjfaw2c1.jpg
202,1701055072.0,Fully inflated lungs of a horse,,dogbytes,1740,0.97,87,https://i.redd.it/knppeg006t2c1.jpg
203,1701108509.0,On The Road To Banff Canada,,Next-Mobile-9632,105,0.79,21,https://imgur.com/ULOJd4v
204,1701043798.0,Optical Selenite,,Darius_Kel,994,0.92,16,https://v.redd.it/e7a5t0lj8s2c1
205,1701020961.0,My mums dog can open the door and this is where her paw has worn down the wall over the years,,kamicham,3209,0.96,114,https://i.redd.it/aa3o1ibncq2c1.jpg
206,1701001289.0,BMW X6 M stolen in less than 20 seconds with a Keyless Relay Attack,,jpc4stro,6807,0.91,750,https://v.redd.it/qj7eaok5qo2c1
207,1701005509.0,Someone filmed the exact moment where Argentina became the World Cup Champion,,Caywo,3580,0.96,129,https://v.redd.it/fgarm2jo2p2c1
208,1701055276.0,"Escopetarra (an AK-47 converted into a guitar) on display at the UN Headquarters in New York, December 2016",,charles_yost,193,0.92,25,https://i.redd.it/nf59sbad6t2c1.jpeg
209,1701002794.0,How to levitate,,depressed-n-awkward,2590,0.91,51,https://v.redd.it/1oajy2gguo2c1
210,1701012219.0,TIL crabs molt their shells...,,Crewchieff,1494,0.93,131,https://v.redd.it/vewfre7nmp2c1
211,1701001924.0,"The chukudu is a two-wheeled handmade vehicle used in the DRC/ Congo. It is made of hard mumba wood, and can carry up to 800 kg (1,800 lbs)",,depressed-n-awkward,2321,0.97,67,https://v.redd.it/pgn657yrro2c1
212,1701021049.0,Cleaning robot has no driver,,Will33iam,732,0.87,149,https://v.redd.it/btekle0ucq2c1
213,1701024209.0,"Welcome to Sealand, world's smallest country.",,jray1126,607,0.74,172,https://i.redd.it/rbqvsu5bmq2c1.jpg
214,1700987714.0,"Proposal for a transnational maglev to eliminate short-haul flights: ""The Greater Northeast Corridor"" + future expansions",,TheSandPeople,3934,0.96,368,https://www.reddit.com/gallery/1846c2r
215,1700978943.0,TIL antibiotic eye drops will glow when under black lights.,,_ledge_,6620,0.95,222,https://i.redd.it/h7qz03jpvm2c1.jpg
216,1701056859.0,The amount of precision required here.,,Accomplished_Book_65,97,0.8,12,https://i.redd.it/l1h8ba97aq2c1.jpg
217,1701002868.0,Skeleton of Siamese twins in the Mütter Museum.,,amonaloli12,1566,0.97,87,https://i.redd.it/vsxot2juuo2c1.jpeg
218,1701039153.0,"In 1948, the Tucker car company released the Torpedo. It's main safety feature being the ""crash chamber"", an oversized padded foot well that the passenger could crawl into should an collision be imminent.",,Killentyme55,239,0.95,9,https://44815604.weebly.com/safety-features.html
219,1701007788.0,Sunset and Sunrise? Daily morning walk around 5:45am and noticed glowing light that looks like a sun set.  It does not look like any light projected from the ground and especially the intensity looked like it had the brightness of the usual winter sunset at 5pm.  Anyone know what this is?,,Miffers,1089,0.92,73,https://v.redd.it/baneo2cg9p2c1
220,1701025853.0,Male Leopard Seal Singing his serenade to a female.,,EmptySpaceForAHeart,327,0.97,12,https://v.redd.it/p8hw8u53rq2c1
221,1701024348.0,Hummingbird scratches itself ,,H_G_Bells,349,0.94,5,https://v.redd.it/0voh9zspmq2c1
222,1701011668.0,Mars Agriculture: Exploring the Feasibility of Growing Sorghum and Hops,,TheMuseumOfScience,640,0.9,40,https://v.redd.it/jbv4xr77kp2c1
223,1701012386.0,"Chromatophores are small pigment-containing cells controlled by a series of muscles and nerves. These small, elastic colored sacs can expand or contract. look how it works",,Andi_Susan,462,0.96,11,https://v.redd.it/d0csemmwmp2c1
224,1701196368.0,PIKA AI Video Generator,,confused_boner,0,0.44,18,https://v.redd.it/3zjw70n7u43c1
225,1701035543.0,5400 sqm Greenhouse showcasing iAVs/Sandponics,,djdefenda,83,0.88,2,https://v.redd.it/0c7dl3scy82c1
226,1700947562.0,An Excised Encapsulated Breast Implant,,MrStomp82,5176,0.95,343,https://v.redd.it/epsnbd8r8k2c1
227,1700954671.0,$3500 gaming pc in 1995,,depressed-n-awkward,3446,0.98,263,https://v.redd.it/48bw5fy7vk2c1
228,1700961621.0,Breaking glass with physics,,DrJokerX,2176,0.94,86,https://v.redd.it/ngzoeic7gl2c1
229,1700950258.0,I made a still from my instant pot,,T3ddyBeast,3532,0.96,213,https://v.redd.it/gxlsdrheik2c1
230,1700926942.0,Rolls-Royce stolen using an antenna to pick up the owner's key signal,,Cohiba_Siglo,13006,0.96,1373,https://v.redd.it/k8ft9geyki2c1
231,1700965680.0,This is the piranha solution. Imagine the possibilities ...,,Crewchieff,1190,0.9,116,https://v.redd.it/i8w2ipr9sl2c1
232,1701034957.0,Radiation dose and risk,,nuclearsciencelover,26,0.54,33,https://v.redd.it/73p02wk9ir2c1
233,1700970726.0,The only known photo of Abraham Lincoln in his coffin.,,MelanieWalmartinez,711,0.98,34,https://i.redd.it/47d9lon97m2c1.jpg
234,1701021355.0,The CEO of 4kids’ quotes from the 2000s,,Available_Reason7795,50,0.72,11,https://i.redd.it/4p9v8zjtdq2c1.jpg
235,1700983085.0,Apple’s first computer.,,keisermax34,302,0.95,16,https://i.redd.it/fcjg3jw08n2c1.jpeg
236,1700946284.0,The hotel I’m staying at in Argentina gets raided by monkeys around 6pm every night,,Rdubya44,1724,0.98,63,https://www.reddit.com/gallery/183thw6
237,1700953528.0,Last night there was a frog pool party on our AirBnb. And they left presents! (album),,noxondor_gorgonax,1102,0.95,73,https://www.reddit.com/gallery/183w6rg
238,1700913693.0,Man Skates at 100km/h,,jonandreyuaosuni,9874,0.94,449,https://v.redd.it/yrewdcnhhh2c1
239,1700955365.0,Karate Kicking Making It Look Easy!,,JPPT1974,844,0.93,64,https://v.redd.it/5yq26m1jxk2c1
240,1700922341.0,Japan is weird,,depressed-n-awkward,5102,0.96,149,https://i.redd.it/nmax0rcd7i2c1.png
241,1700987241.0,What does a nearly 1000 year old Japanese Sword look like?,,iZoooom,157,0.89,19,https://i.redd.it/e2vn7em8kn2c1.jpg
242,1700925730.0,Large birthmark ,,miffy1231,2754,0.9,274,https://v.redd.it/0kjyumchhi2c1
243,1700957250.0,A Hummingbird Blinking,,annoyinglysimple,443,0.94,13,https://v.redd.it/6br55z873l2c1
244,1700918176.0,How Taiwanese Marines demonstrate hostage rescue tactics,,Edwardsreal,2064,0.95,93,https://v.redd.it/zoh9n9k2uh2c1
245,1700934215.0,"It's So huge, that it's altering the way the entire sun oscillates. The storms could result in radio blackouts and spectacular aurora displays...The group is expected to directly align with our planet in the next four to five days.",,BlueBucketMaple,818,0.91,223,https://www.reddit.com/gallery/183p3ck
246,1700962199.0,A couple months ago the F1 pace car visited the hotel I work at.,,Arthur_collie,193,0.78,39,https://www.reddit.com/gallery/183z5ny
247,1700999594.0,Jaswant Singh Rawat: the lone Indian Indian rifleman who held of a Chinese battalion for 72 hours During the indo-sino war,,Patient-Beginning935,29,0.66,5,https://www.indiasentinels.com/defence-ministry/mod/who-was-jaswant-singh-rawat-the-soldier-killed-over-300-chinese-during-1962-india-china-war-5937
248,1700924079.0,"The Equatorial Ridge on Saturn's moon Iapetus is a 20 km (12 mi) high structure, making it the third tallest mountain feature in the Solar System. Discovered by the Cassini probe in 2004, its origin remains unknown. Scroll for more images.",,jamesbond000111,1179,0.98,102,https://www.reddit.com/gallery/183let2
249,1700949899.0,Size of polar bears,,Rational_Rick,271,0.93,31,https://i.redd.it/yxmrvcdchk2c1.jpg
250,1700857122.0,Bro was starstruck ,,urmomsloosevag,22866,0.95,439,https://v.redd.it/1upl040htc2c1
251,1700872888.0,Florida Real Estate. ,,urmomsloosevag,7179,0.9,907,https://v.redd.it/ms0yxoic4e2c1
252,1700960199.0,These bats copulate for hours with enormous penises but without penetration | CBC Radio,,SymBionic,48,0.8,15,https://www.cbc.ca/radio/quirks/bat-reproduction-1.7039093?__vfz=medium%3Dsharebar
253,1700918745.0,The largest leaf of a dicotyledonous plant found (in the Amazon forests. South America.,,amonaloli12,376,0.98,16,https://i.redd.it/9zkjoclpwh2c1.jpeg
254,1700871168.0,Gangster bulletproof car with Tommy Gun portholes from 1932 (Chicago),,Piraxerie,4149,0.99,55,https://v.redd.it/u43olea0zd2c1
255,1700912798.0,"A composite photo of the position and phases of the moon over 28 days, each photo taken at the same exact location each day.",,ITSMissrOXANNNE,261,0.95,5,https://i.redd.it/93cpsmq0fh2c1.png
256,1700854858.0,A Time machine ,,urmomsloosevag,4553,0.97,79,https://v.redd.it/xiozjpqqmc2c1
257,1700860876.0,This Venemous Snake collection Hobby,,urmomsloosevag,2085,0.93,108,https://v.redd.it/4764gutm4d2c1
258,1700848174.0,Dr Katie Bouman's reaction the moment first images of a black hole were discovered,,mandlebrot235813,1758,0.82,175,https://i.redd.it/80d0ox9z1c2c1.jpg
259,1700876748.0,How hard candy rolling (image candy) is made.,,DrNinnuxx,331,0.91,12,https://v.redd.it/zbtqbg2dcd2c1
260,1700824838.0,"Colourised footage from 1929 of construction workers on the Chrysler Building in New York. Amazingly, zero fatalities during its construction",,parkylondon,3506,0.91,148,https://v.redd.it/qu3t5mkf5a2c1
261,1700823966.0,"Bobby Fischer (arguably the greatest chess player of all time) 1 week before becoming the World Champion, 1972. He resigned 2 years later & forfeited his title at age 30",,DamnThatsInsaneLol,1844,0.77,259,https://i.redd.it/mtyilzht1a2c1.jpg
262,1700813686.0,Impressive,,uiblkcqt,2611,0.91,85,https://v.redd.it/apminc9b892c1
263,1700829479.0,Mercury is so dense an iron anvil floats in it.,,Bihema,1102,0.93,72,https://v.redd.it/gsdkm2m5ja2c1
264,1700839372.0,"Citroen Karin concept with onboard computer and rear view camera, 1980.",,BaronVonBroccoli,584,0.98,22,https://i.redd.it/djcbiv1mcb2c1.jpg
265,1700860242.0,Hog Badgers (Arctonyx) - their favorite food is apparently worms,,Username6465,184,0.96,7,https://i.redd.it/0flssuxq2d2c1.jpeg
266,1700842938.0,"The Mary Rose Museum, located in Portsmouth, UK ~ is a real trip back in time. After passing through the facility's doors, you will suddenly find yourself on the deck of a 16th-century ship.",,bigmeat,320,0.97,15,https://i.imgur.com/tWich26.jpg
267,1700844676.0,Diving with Massive Steller Sea Lions.,,EmptySpaceForAHeart,249,0.98,7,https://v.redd.it/umdcbgfesb2c1
268,1700869758.0,Aerogel - Science's Fairy floss,,adavis59,54,0.64,18,https://i.redd.it/9ft61ha1vd2c1.gif
269,1700827685.0,Recycling spent nuclear fuel in the USA?,,nuclearsciencelover,352,0.77,36,https://v.redd.it/87wt9xkuda2c1
270,1700808116.0,How South Korean police deal with crimimals,,slushfilm,850,0.89,172,https://v.redd.it/602cf9xor82c1
271,1700768673.0,"Cars buried by Former corrupt Afghan politicians before leaving Afghanistan, recently they were discovered by the taliban",,cixcoprk,5930,0.95,246,https://www.reddit.com/gallery/182994p
272,1700802064.0,"Possibly the scariest ocean dweller, the carnivorous Leopard Seal.",,CheeseIsAHypothesis,767,0.93,73,https://www.reddit.com/gallery/182k3zs
273,1700758208.0,Escape game but you can't get 'tagged' by another player,,Met76,7628,0.94,105,https://v.redd.it/s4hgniwum42c1
274,1700754100.0,Ever wonder what creates a traffic?,,shankingsh,8858,0.94,347,https://v.redd.it/lk9tvhyza42c1
275,1700776682.0,A weird stick,,Piraxerie,2244,0.97,33,https://v.redd.it/xl5rj0ht562c1
276,1700787441.0,POV of a fast doge.,,freudian_nipps,1259,0.96,27,https://v.redd.it/gixaprx9272c1
277,1700759141.0,Worker rescued by a crane during a huge fire with just minutes to go,,Surenas1,4942,0.97,116,https://v.redd.it/mn6274i3q42c1
278,1700798276.0,Bottom of a cannon shell used as an ashtray!,,bernardobronx,386,0.96,16,https://www.reddit.com/gallery/182j02y
279,1700743276.0,How Thanksgiving is portrayed in China's highest-grossing movie.,,Edwardsreal,6821,0.92,1035,https://v.redd.it/d397qr5fe32c1
280,1700799370.0,The size of an elephant seal,,CheeseIsAHypothesis,306,0.97,31,https://i.redd.it/1d1d3xsq182c1.png
281,1700750644.0,Blood Groups (Donor),,2be_0r_not2be,3664,0.96,184,https://v.redd.it/i2efujus042c1
282,1700769924.0,This human bathing his king Cobra,,urmomsloosevag,1149,0.9,95,https://v.redd.it/pyy0hdt6m52c1
283,1700772082.0,Ibex in the Mountain taken by drone,,Sohailhere,983,0.97,42,https://v.redd.it/v67jmqnjs52c1
284,1700759467.0,How giant creatures survive in the Abyssal Plain.,,EmptySpaceForAHeart,1781,0.99,53,https://v.redd.it/m5n66fj2r42c1
285,1700777181.0,"HeLa cell, self-destructing.",,throwaway16830261,507,0.96,49,http://chamorrobible.org/images/photos/gpw-201402-National-Institutes-of-Health-1463-apoptotic-HeLa-cell-original.jpg
286,1700773492.0,Some theories why seaotters are good rock jugglers,,External_Industry739,570,0.95,23,https://v.redd.it/91oc4uqqw52c1
287,1700775656.0,The rare white gobbler.. ,,Kgmercier,505,0.96,17,https://v.redd.it/fuxyxrx6362c1
288,1700797298.0,Looking Inside a Violin with an endoscope,,CharlesBrooks,152,0.85,31,https://i.redd.it/diyh9zphv72c1.jpeg
289,1700785605.0,Gary the AI robot has a humanoid brother Tony! I ask him to do tricks. He tries his best.,,Screaming_Monkey,118,0.91,11,https://v.redd.it/9o8lt16hu62c1
290,1700746486.0,This man's eyes are controlling the lasers on his shoulders,,jonandreyuaosuni,877,0.92,77,https://v.redd.it/rhsh1e0eo32c1
291,1700705301.0,This is how Ancient Egyptians makes fire,,jonandreyuaosuni,6483,0.98,154,https://v.redd.it/l5r53ypx902c1
292,1700808795.0,Photographer's Long Exposures Show Heavy Surveillance for APEC Summit,,Just_Another_AI,26,0.81,2,https://petapixel.com/2023/11/21/photographers-long-exposures-show-heavy-surveillance-for-apec-summit/
293,1700762249.0,Recycling spent nuclear fuel?,,nuclearsciencelover,261,0.81,54,https://v.redd.it/sed69szbz42c1
294,1700778981.0,"China's Goldwind installed a 16 MW offshore wind turbine in just 24 hours (it produced 384.1 megawatt-hours in 24 hours – enough to power nearly 170,000 homes)",,randolphquell,111,0.7,37,https://i.redd.it/bx90wzu1d62c1.jpg
295,1700757861.0,Bombs dropped in my neighbourhood in just one night. 26 October 1940.,,nem0fazer,294,0.95,15,https://www.reddit.com/gallery/1825ak9
296,1700714754.0,Gravity is not a problem,,PsychoFair,2042,0.94,52,https://v.redd.it/ykybvpmy112c1
297,1700758248.0,Andromeda galaxy taken with a normal camera and tracker,,Sigvald1,181,0.94,19,https://www.reddit.com/gallery/1825fme
298,1700677391.0,Group of Mountain Bikers stumble upon King Charles taking a walk in Scotland.,,beepboopscooploop1,13358,0.93,801,https://v.redd.it/np73mfvqyx1c1
299,1700718746.0,"In vitro fertilization. During this procedure of fertilization, mature eggs are collected from ovaries and fertilized by sperm in a lab.",,WorldlyBlackberry819,1043,0.93,85,https://v.redd.it/j9pgir50e12c1
300,1700727887.0,Tower of London - 25 years ago VS today,,Fluid-Daydreamer,557,0.95,31,https://i.redd.it/dq3l10zr4sxb1.jpg
301,1700707365.0,"I gave AI eyes and a body, and now I have a robot friend to show weird stuff to",,Screaming_Monkey,962,0.88,133,https://v.redd.it/dpd18kp0g02c1
302,1700692040.0,Cool light refraction off vase,,SimpleSpyder,1197,0.97,26,https://v.redd.it/4rhr3p4l6z1c1
303,1700753765.0,Electric Automobile Registrations vs Gasoline in the United States - 2022,,topcat5,41,0.64,34,https://i.redd.it/x5inqvez942c1.jpg
304,1700678545.0,"China's cloned pet cat ""Garlic"" was born in 2019. The distraught owner dug up the animal’s body hours after it died for the procedure. Beijing-based Sinogene performed the cloning for 250,000 yuan ($35,190).",,Chibs24K,842,0.92,79,https://www.reddit.com/gallery/181gdqi
305,1700678666.0,Jane Goodall's & Mr H’s Message of Perseverance,,TheMuseumOfScience,517,0.97,7,https://v.redd.it/2og61uz91y1c1
306,1700849721.0,Dropped a glass that was kept snug in a beer cozy,,Vegetable-Sea3148,0,0.15,0,https://www.reddit.com/gallery/182yanz
307,1700849721.0,Dropped a glass that was kept snug in a beer cozy,,Vegetable-Sea3148,0,0.14,0,https://www.reddit.com/gallery/182yao0
308,1700697602.0,Jump bot created by a team of high schoolers for a robotics competition.,,anonymous_7476,117,0.88,14,https://v.redd.it/mqx1ksuj2eq81
309,1700608420.0,"This New Zealand pilot was kidnapped by the West Papua National Liberation Army in February this year, today he has gone public for the first time in a long time, they want independence for Papua and says he has two months to live if it is not granted.",,Conscious_Guess4229,15699,0.94,1914,https://v.redd.it/sgueckaw9s1c1
310,1700627771.0,Interesting Vegas light show  ,,PsychoFair,3532,0.89,55,https://v.redd.it/34jjm0dhvt1c1
311,1700651647.0,China's Anti-Fatigue Laser on Highway,,cocoreupload,898,0.85,143,https://v.redd.it/7qz84muduv1c1
312,1700666729.0,Slow-motion video of strong winds causing raindrops to levitate ,,VTSquirrel,397,0.95,11,https://v.redd.it/zx1mp9d83x1c1
313,1700628728.0,Can openers over the centuries,,stinkload,1883,0.97,86,https://v.redd.it/u1oyp11rhs1c1
314,1700627132.0,Pouring a cool thermos of ice,,Kimora_Susan,1658,0.96,29,https://v.redd.it/ezp8sb7ktt1c1
315,1700591438.0,You Tuber Kyle Hill Demonstration on the Titanic sub Disaster. ,,AdolfDriplr,10696,0.94,263,https://v.redd.it/qdxf5regvq1c1
316,1700639888.0,The Extraordinary Details of a Beetle’s Foot,,Pfarrer_Assmann,561,0.98,28,https://i.redd.it/uclq31aivu1c1.jpeg
317,1700653917.0,"This image, taken in Wales in around 1853 is believed to be the earliest example of a photobomb.",,SaintedDemon69,254,0.96,7,https://i.redd.it/tjhdc7xz0w1c1.jpg
318,1700627357.0,Making of Rope,,Silent_Assasin14,793,0.94,70,https://v.redd.it/131wm938ut1c1
319,1700627394.0,"Hoard of 100,000 centuries-old coins discovered in Japan",,Elegant-Surprise-417,707,0.86,121,https://www.livescience.com/archaeology/hoard-of-100000-centuries-old-coins-discovered-in-japan
320,1700605451.0,My ski feet (skeet?) prosthetics.,,benhundben,2115,0.98,119,https://v.redd.it/91mg3dg41s1c1
321,1700643238.0,The photo taken by Mary Ann Moorman approximately 1/6th of a second after the fatal bullet hit President John F. Kennedy on 11/22/63. Moorman stood directly across from the spot where Abraham Zapruder captured his film.,,Sensei_of_Knowledge,225,0.96,17,https://www.reddit.com/gallery/1814swa
322,1700649926.0,Domino of accident,,Utsav44,154,0.82,23,https://v.redd.it/agnbfiduvf1c1
323,1700677363.0,Georgia Tech Yellowjackets football teams- 1893 vs 1951 vs 2019,,Quick_Presentation11,26,0.71,5,https://www.reddit.com/gallery/181fwy0
324,1700596992.0,Bananas crossing the road,,GazaStripperClub,1276,0.98,42,https://v.redd.it/nhe31loybr1c1
325,1700596573.0,"Dolphins are one of the fastest marine creatures, and probably the fastest marine mammal, reaching speeds of 60 kph (37mph)",,Stotallytob3r,1109,0.97,67,https://v.redd.it/v4uwmvzpar1c1
326,1700604918.0,Astronauts falling on the moon,,Mattau93,714,0.95,91,https://v.redd.it/zmr7psphzr1c1
327,1700607121.0,"At the airbnb where I stay in Milan, not only do they have the famous bidet, but the most curious way to flush the toilet I've ever seen.",,supremebubbah,634,0.83,106,https://v.redd.it/v9utpdq26s1c1
328,1700610733.0,Ancient 'lost world' discovered deep under Antarctic ice,,Elegant-Surprise-417,441,0.93,81,https://www.theweathernetwork.com/en/news/nature/habitats/ancient-landscape-formed-by-rivers-revealed-deep-under-antarctic-ice
329,1700598908.0,The way the ice froze makes it look like a hummingbird.,,loveofGod12345,792,0.97,14,https://i.redd.it/scns9y4ohr1c1.jpg
330,1700650538.0,this multi religion invocation card in my seatback for praying for the flight,,MrMonstrosoone,49,0.8,21,https://i.redd.it/abi0noszqv1c1.jpeg
331,1700638877.0,"Designed to Give the Viewer the Simulated Experience of Having a Stroke, Which Predominantly Occurs in the Occipital Lobe Which is Located in the Cerebral Cortex. This is Where Visual Perception Occurs.) Everything Looks Tip of Your Tongue Familiar, but You Just can't Quite Recognize Anything.",,BlueBucketMaple,83,0.79,25,https://www.reddit.com/gallery/1813s42
332,1700599789.0,"The statues from Presidents Park in Williamsburg, VA. The park closed in 2010 and the 43 statues were moved and left to sit on a farm in rural Virginia.",,Artemistical,419,0.96,30,https://i.redd.it/yk2v36d9kr1c1.jpg
333,1700547411.0,Excavator vs water reservoir,,jpc4stro,6185,0.91,310,https://v.redd.it/tuddopti8n1c1
334,1700579146.0,Imagine donating your body to science only to have your corpse fed to feral cats.,,MoonPiss,806,0.91,165,https://www.seniorcatwellness.com/will-cats-eat-you-if-you-die-in-your-home/
335,1700549933.0,"The photographing of John Young's jumping salute on Apollo 16, and the resulting picture",,Mattau93,2751,0.97,111,https://v.redd.it/6xdacarvfn1c1
336,1700635750.0,"Indonesia Floating Solar Plant to Power 50,000 Homes",,Fickle-Flamingo1922,26,0.8,3,https://cleanenergyrevolution.co/2023/11/22/indonesia-floating-solar-plant-to-power-50000-homes/
337,1700577592.0,Fish made fun of hunters,,Apocalyptiana,506,0.95,9,https://v.redd.it/qz1tujm6el1c1
338,1700649499.0,TIME's Top 100 Photos of 2023,,BojanM79,12,0.76,2,https://time.com/6337364/top-100-photos-2023/
339,1700547009.0,Excavator helping friends,,jpc4stro,1926,0.98,87,https://v.redd.it/u082um2c7n1c1
340,1700590071.0,Does Turkey Make Me Sleepy?,,TheMuseumOfScience,168,0.86,10,https://v.redd.it/f22xqoi9rq1c1
341,1700602179.0,Canadian Deuterium (CANDU) nuclear reactors ,,nuclearsciencelover,88,0.71,9,https://v.redd.it/1k0h3s84rr1c1
342,1700543223.0,The sound of over 300 students opening Red Bull cans,,PsychoFair,1352,0.8,86,https://v.redd.it/ttviy033wm1c1
343,1700511672.0,UNRECORD is the most realistic game created on the Unreal 5 engine.,,Highonpepper,7008,0.88,545,https://v.redd.it/v4tqjz43ak1c1
344,1700556199.0,A random weekend on a Dubai beach,,GeorgiaspaceVasiliou,560,0.86,60,https://v.redd.it/suh7nwnjyn1c1
345,1700515624.0,Nuclear waste myth vs fact,,nuclearsciencelover,4222,0.94,248,https://v.redd.it/on1lzvmslk1c1
346,1700530277.0,Visualization of Irrationality of the Golden Ratio. 300k frames in 90 seconds.,,WorldlyBlackberry819,1808,0.93,60,https://v.redd.it/inecpkwktl1c1
347,1700545967.0,Scientists have simulated how it might be like to plunge into Uranus,,Efficient_Sky5173,628,0.92,105,https://i.redd.it/cmuik7v84n1c1.jpg
348,1700578372.0,"Anchiornis Huxleyi was a small paravian, about the size of a crow. It had long, wing-bearing arms, long legs, and a long tail. It was covered in feathers and we also found out about its colors it would have had, silver feathers on its body, white wings with black spots and a red feathered crest.",,Prestigious-Love-712,76,0.87,8,https://i.redd.it/f7n6uc8esp1c1.png
349,1700498798.0,The President of France is victim of child grooming and ephebophilia,,Regulator_24,4545,0.88,657,https://www.businessinsider.com/brigitte-macron-waited-10-years-to-marry-french-president-emmanuel-2023-11
350,1700566891.0,"Freakishly Smart Falcons Run These Islands. ""Of the 15 Johnny rooks that Ms. Harrington tested, all solved at least one puzzle, and 10 of them figured out all eight — without any prior training...“These caracaras actually solved tasks that some of the tool-using parrots couldn’t solve.""",,thinkofanamefast,115,0.96,5,https://www.nytimes.com/2023/11/20/science/falkland-islands-falcons.html
351,1700502536.0,Stick insects are awesome,,JP070791,3081,0.98,63,https://v.redd.it/ady0i1l3jj1c1
352,1700533312.0,I took my best image of Jupiter yet last night!,,Snoo_39873,401,0.96,39,https://i.redd.it/c7jvpcbm2m1c1.jpg
353,1700518057.0,We will see a real mammoth on earth in less than 10 years,,pit_chatman,731,0.78,379,https://www.reddit.com/gallery/1800j7c
354,1700495246.0,Came across a diary from 1902 written by a young woman. Most pages are jam packed.,,theferrolgamer,1603,0.98,68,https://www.reddit.com/gallery/17zrgsh
355,1700540216.0,"The Cosmic Kiss the Eagle Nebula (M16), formed by a young star cluster about 2 million years old, surrounded by clouds of dust and incandescent gas. M16 is located about 7,000 light-years away, in the direction of the Serpent's Tail.",,dogbytes,104,0.94,6,https://i.redd.it/hx1qbe04nm1c1.png
356,1700472666.0,"Scientists believe that baby laughter is contagious because of a phenomenon called ""mirror neurons.""

These are a type of brain cell that activate when we see someone else doing something, even if we're not doing it ourselves. That's why we start laughing too.

",,amartyamishraaa,2199,0.96,101,https://v.redd.it/3fasx6v92h1c1
357,1700448598.0,Amazing fact.,,blake7889,8070,0.92,519,https://i.redd.it/o26bduvp2f1c1.jpeg
358,1700464381.0,"A charged water droplet orbiting a knitting needle.  This experiment was conducted by astronaut Don Pettit at the International Space Station. The force at play isn't gravity, but electromagnetism.",,WorldlyBlackberry819,1273,0.98,22,https://v.redd.it/wmvm9sdndg1c1
359,1700504654.0,Specimen under a microscope,,LordCharizard98,131,0.86,17,https://www.reddit.com/gallery/17zv4tz
360,1700430235.0,Guy learns American accent before the English language.,,Independent_Club9320,5320,0.93,172,https://v.redd.it/aixzg972kd1c1
361,1700423329.0,"To-Scale-Model of Liopleurodon, an average-sized marine reptile.",,EmptySpaceForAHeart,2491,0.98,74,https://v.redd.it/hv18vcjbzc1c1
362,1700449300.0,"Now, talk with AI about a live basketball game when your friends aren't around.",,_ayushp_,646,0.81,74,https://v.redd.it/2me0x7do4f1c1
363,1700503503.0,Invertebrate Dissections,,LordCharizard98,35,0.57,42,https://www.reddit.com/gallery/17zuojg
364,1700517804.0,Fatima is 110-years old and has tribal scars on her face.,,TryWhistlin,18,0.71,2,https://www.care.org/news-and-stories/news/fatima-110-year-old-financial-mother/
365,1700440959.0,"Thanksgiving menu at the Plaza Hotel in New York City, 1899",,Quick_Presentation11,872,0.97,119,https://i.redd.it/3x2hc7a0ge1c1.jpg
366,1700453583.0,"Interesting rock face I found while exploring the woods near old native Sioux land, in MN.",,llihpleumas,384,0.94,14,https://i.redd.it/3cmrpu0jhf1c1.jpg
367,1700428765.0,Sword from game league of legends flying over Seoul Skies during their championship events.,,Dewch,784,0.95,21,https://v.redd.it/m85sv3fnfd1c1
368,1700416069.0,Grand Finale Sunset,,myvortexlife,1496,0.93,42,https://v.redd.it/0esxu3gzdc1c1
369,1700403641.0,This new expandable hose at work that looks like alien tentacles ,,Wildkarrde_,2839,0.94,102,https://v.redd.it/v81fmkzxcb1c1
370,1700429005.0,"Explore another level! UNDER Romania, in its huge, otherworldly salt mines",,myvortexlife,668,0.92,36,https://v.redd.it/0k87kffagd1c1
371,1700411973.0,Car-sharing company called MILES being instantly re-branded by vandals.,,oceanicplatform,1526,0.94,57,https://i.redd.it/c2ydafbt1c1c1.jpg
372,1700460113.0,"David Gilmour and Richard Wright recording Seamus. If you know it, you know it.",,dogbytes,122,0.81,19,https://i.redd.it/mkjdpz5s0g1c1.jpg
373,1700440869.0,A Dr. Seuss children’s book you have probably never heard of (published 1941),,Meerkat_Mayhem_,311,0.95,24,https://i.redd.it/cm0yfgnqfe1c1.jpg
374,1700434776.0,My Christmas Cactus has not bloomed for two years and this year it decided it was time to bloom.,,4DoubledATL,419,0.96,17,https://www.reddit.com/gallery/17z9m1m
375,1700407669.0,Keep Flowers Fresh: Science Hack for Extended Bloom,,TheMuseumOfScience,1414,0.93,40,https://v.redd.it/jiz1m3yhnb1c1
376,1700445286.0,Update on MAPPA animators  (overworked Japanese anime creators),,urmomsloosevag,201,0.76,16,https://v.redd.it/d3mae5gvse1c1
377,1700386219.0,Compressing hot metal with a hydraulic press,,External_Industry739,4220,0.96,133,https://v.redd.it/e3oc67n6x91c1
378,1700415795.0,this tiger in Harlem,,mankls3,742,0.91,36,https://i.redd.it/84bekhl5dc1c1.jpg
379,1700384431.0,"A chimpanzee demonstrating incredible
memorization skills",,amartyamishraaa,3633,0.94,160,https://v.redd.it/rb6hpzowr91c1
380,1700390130.0,The way these jelly snowmen are made.,,CaptainCanguru,1968,0.95,46,https://v.redd.it/g3chg73t8a1c1
381,1700393263.0,A squid being born,,nihilist_911,1606,0.97,37,https://v.redd.it/dvglmy66ia1c1
382,1700400806.0,Starship Superheavy launch #2!,,indicator_species,703,0.95,54,https://v.redd.it/mlbs4nof4b1c1
383,1700397805.0,Foot-shaped potato ,,smooth_vesselHPAUM,754,0.94,39,https://v.redd.it/gbrvxbmova1c1
384,1700427377.0,KitKats from Japan,,Nex_Xus,140,0.89,18,https://i.redd.it/k34prc8mbd1c1.jpeg
385,1700364946.0,POV from the De-Ice Cab,,MAGASig,3205,0.98,127,https://v.redd.it/ibduwf4z581c1
386,1700405790.0,"A mysterious bright light appears in the sky in Monteromano, Italy.",,nihilist_911,281,0.78,63,https://v.redd.it/y88rvqk2jb1c1
387,1700369153.0,Flat-Earther & Youtuber Bob Knodel carried out an experiment with which he had hoped to prove that the Earth is flat. The study cost him 18000 euros. Mission failed miserably ,,WorldlyBlackberry819,1769,0.86,265,https://v.redd.it/qr9ghvihi81c1
388,1700329366.0,Vegas Tourists Find a Loophole to Combat F1’s Shambolic Privacy Measures,,MyNameIsRJ,14063,0.94,696,https://v.redd.it/37bnuzv3851c1
389,1700340141.0,This anime's attention to detail,,urmomsloosevag,3539,0.89,54,https://v.redd.it/6kbgze08461c1
390,1700339126.0,"WW1 bombs are turning up in big numbers due to heavy rainfall in Belgium, they can still explode over 100 years later",,MemeMachine27,3176,0.98,197,https://i.redd.it/fgt3z8m6161c1.png
391,1700337785.0,This Parrot singing his favorite song ,,urmomsloosevag,2915,0.98,45,https://v.redd.it/1gnsr7x7x51c1
392,1700364849.0,"Tornado damaged homes in Washington, Illinois, USA, in 2013",,iamayeshaerotica,549,0.98,34,https://i.redd.it/ph55a5qo581c1.jpg
393,1700471101.0,Epic 1970s raft journey from Ecuador to Ballina still holds world record,,B0ssc0,3,0.61,0,https://www.abc.net.au/news/2023-11-20/epic-1970s-raft-journey-ecuador-to-ballina-retains-world-record/103118868
394,1700349087.0,Supercomputer simulation of the formation of the moon courtesy of NASA’s Ames Research Center. Planet Theia smashing into the proto-earth.,,xJkurtz,777,0.95,67,https://v.redd.it/lhntpedtu61c1
395,1700332743.0,Standing where the very first YouTube video was filmed.,,g0rrillas,1647,0.97,39,https://www.reddit.com/gallery/17ycvx6
396,1700342487.0,"Ebbets Field, Brooklyn. Pricing transparency.",,thinkofanamefast,667,0.98,20,https://i.imgur.com/pXWGz0Z.jpg
397,1700317222.0,Oh look. An Asain pop out - pop up restaurant,,PUTINnTRUMP_arrest,2130,0.93,85,https://v.redd.it/m7oqywnz741c1
398,1700298630.0,Shaving a faded Persian rug by hand,,SoggyConclusion4674,3664,0.96,84,https://v.redd.it/02vpnmfro21c1
399,1700333915.0,Five Cheetah Brothers work together to catch a Topi.,,EmptySpaceForAHeart,591,0.95,20,https://v.redd.it/0s8hr5ohl51c1
400,1700295867.0,"Self parking chairs. When you get bored of putting your chair back, the company automates it. Just clap.",,myvortexlife,3418,0.94,134,https://v.redd.it/js693cpjg21c1
401,1700351971.0,There are 20 coyote subspecies. Eastern coyotes (C. latrans var) are ~13% Eastern wolf & 13% gray wolf. Southeastern Coyotes (C. latrans frustror) have admixture with red wolves.,,Jet_Threat_,155,0.93,40,https://i.redd.it/vom17dee371c1.jpg
402,1700306626.0,"This is what a missile strike looks like in real life. Ukraine, Kremenchuk.",,Sasha0503,1534,0.94,100,https://v.redd.it/1pc7fm24c31c1
403,1700297689.0,Matchstick under microscope ,,GazaStripperClub,1680,0.92,41,https://v.redd.it/0j0fpuazl21c1
404,1700282449.0,Man records as he pulls wounded cop from shootout - Houston TX,,KoopaMo,3562,0.92,395,https://v.redd.it/gzcip2hs2y0c1
405,1700251817.0,This random Chinese phone's peep blocker,,robita233,8818,0.93,382,https://v.redd.it/jt4hgmojty0c1
406,1700266197.0,Bike trailing in an abandoned Slovenian lead mine,,Plus-Barber-6171,3633,0.96,175,https://v.redd.it/qujx0gr7001c1
407,1700282726.0,A map of Native American Land starting from 1776,,PsychoFair,1186,0.79,311,https://v.redd.it/9q6rb7efd11c1
408,1700301928.0,Dutch museum has a simulator showing the evolution of the vertebrate arm from fish to us,,TheJurri,426,0.87,47,https://v.redd.it/0rivj9mjy21c1
409,1700259867.0,Difference between a Seagull and a Crow’s accuracy,,jonandreyuaosuni,2953,0.97,112,https://v.redd.it/6s8acoydhz0c1
410,1700304512.0,Welp,,Many_Recover_4776,203,0.85,13,https://i.redd.it/1i02x8z9631c1.jpg
411,1700279760.0,"While most snail eyes generally only detect light, the eyes of the conch snail have complex retinas and can actually produce an image.
In other words, they see you.",,urmomsloosevag,709,0.94,34,https://v.redd.it/6iuoycho411c1
412,1700279704.0,Nice daily dose of bug protein,,ErwinAckerman,656,0.61,287,https://v.redd.it/hytqa80pjx0c1
413,1700304963.0,"September 10, 1983: The Great Pyramids in El Giza, Egypt, and a United States Air Force B-52 Stratofortress bomber.",,throwaway16830261,175,0.93,10,http://chamorrobible.org/images/photos/gpw-20040823-UnitedStates-DefenseVisualInformationCenter-DF-ST-84-05994-B-52-bomber-Great-Pyramids-Egypt-19830910-original.jpg
414,1700230170.0,These dogs expressing emotions ,,urmomsloosevag,7750,0.99,45,https://v.redd.it/qokfam281x0c1
415,1700468076.0,Tea I forgot about splooged,,ShroomBuggee,0,0.29,20,https://v.redd.it/5bqzmalmog1c1
416,1700256527.0,Up close encounter with a Sperm Whale,,freudian_nipps,1132,0.97,58,https://v.redd.it/3cba1prj7z0c1
417,1700210733.0,They call it the Cave of Death,,Cozyspecial,14456,0.93,615,https://v.redd.it/b7m5d5aefv0c1
418,1700251538.0,"New Orleans was the wealthiest city in the US during 1830-1840. By the 1860's, New Orleans had the 3rd largest port in the nation and was 2nd overall in per capita income in the US.",,YUGIOH-KINGOFGAMES,1101,0.98,67,https://i.redd.it/avsdhv0rsy0c1.png
419,1700246776.0,Demonstration of the Magnus Effect of spin via the medium of table tennis,,Stotallytob3r,1118,0.91,40,https://v.redd.it/f0gviqdley0c1
420,1700275249.0,"The crew of Apollo 8 reading the first 10 verses of Genesis while orbiting the moon - December 24, 1968. Apollo 8 was the first mission to send people to the moon. While they didn't land on the surface, they orbited the moon ten times.",,Mattau93,254,0.84,54,https://v.redd.it/35v6eogpq01c1
421,1700285931.0,Flower holi at Banke Bihari Temple,,Kind-Temperature4385,103,0.85,4,https://v.redd.it/rqtfx9lul11c1
422,1700250014.0,How this Tarpon jumps out og the water to snatch the food,,chainyx91,546,0.96,12,https://v.redd.it/l0deyg32oy0c1
423,1700241690.0,Opioid Overdose Prevention: Clinic-Injected Nanotech,,TheMuseumOfScience,592,0.89,70,https://v.redd.it/e5pkaopvyx0c1
424,1700254077.0,"Look closely, this overhead shot, taken directly above, shows a herd of zebras in Botswana whose shadow is reflected in the sand. The shadows make it appear, at first glance, that what is seen in the photo are black horses. The black figures are actually the shadows of zebras.",,OkHistory777,312,0.92,19,https://i.redd.it/9mywp9xa0z0c1.png
425,1700220582.0,"President Richard Nixon visits Apollo 11 astronauts Neil Armstrong, Michael Collins and Buzz Aldrin when they were in quarantine after returning from the moon.",,hethatisintheknow,1484,0.97,120,https://i.redd.it/w1v2f9vg8w0c1.jpg
426,1700255043.0,"The remains of mathematician Daniel Gumb’s cave in Cornwall, England. His Pythagoras carvings from 1735 can still be seen today.",,SoggyWotsits,241,0.96,8,https://i.redd.it/b26uemz53z0c1.jpeg
427,1700255953.0,Sitting bulls story needs to be told.,,HSdoc,203,0.85,16,https://i.redd.it/e2tc8wnv5z0c1.png
428,1700263172.0,Opuntia galapageia of the Galapagos Islands,,iamayeshaerotica,97,0.95,3,https://i.redd.it/siueu9tcrz0c1.jpg
429,1700225913.0,Hmmm,,coleisw4ck,463,0.92,41,https://v.redd.it/lnkd12ki2g0c1
430,1700186963.0,The way this snake drinks,,urmomsloosevag,2432,0.96,87,https://v.redd.it/xphwrawqgt0c1
431,1700208061.0,"Gyroscopic self-leveling pool table on the cruise ship ""Radiance of the Seas""",,FrowningMonk92,644,0.94,18,https://v.redd.it/3zd7dflg7v0c1
432,1700201739.0,"Gen. Ulysses S. Grant and Robert E. Lee met at Appomattox Court House on April 9, 1865. They met again four years later when Lee, then president of Washington College, was invited to the White House by president Grant. The meeting was brief & cordial. Their meeting is in comment section:",,TigerOk8010,807,0.94,126,https://i.redd.it/7fji98mbou0c1.jpg
433,1700233225.0,"""Earth's airglow outlines the planet's horizon with the Moon above"" as the ISS orbited ""above the midwestern United States"" on November 10, 2023. ""At lower right,the city lights of"" Denver, Colorado, and ""the city lights all the way to Chicago, Illinois (at top), and surrounding metropolitan areas.""",,throwaway16830261,146,0.94,17,https://images-assets.nasa.gov/image/iss070e022666/iss070e022666~orig.jpg
434,1700201370.0,My sparkling kidney stone from earlier today :3,,cleanfreshusername,596,0.81,131,https://v.redd.it/xn4xlaqknu0c1
435,1700183591.0,"Photo of Fidel Castro after catching lobsters, he loved diving and all maritime activities.",,alely92,831,0.83,220,https://i.redd.it/h1lkrevp6t0c1.jpg
436,1700192295.0,skipping along the cloud tops at sunset in an E175,,syntactyx,430,0.97,8,https://v.redd.it/vupfzeolwt0c1
437,1700166966.0,when hot water from a heat wave meets an electric shower that is heating up more than it should,,DELAIZ,1599,0.96,61,https://v.redd.it/1abr1jkxtm0c1
438,1700157922.0,There once was a race for cars fitted with cheese wheels,,Brutal_Deluxe_,1967,0.96,129,https://v.redd.it/ue56qmbm0r0c1
439,1700165553.0,This is what one drop of ocean water looks like under a microscope.,,gsus61951,1188,0.92,120,https://i.redd.it/9tlyuwr2pr0c1.jpg
440,1700156732.0,Spinning Ice Bullet,,FGSENJOYER,1854,0.92,69,https://v.redd.it/zbsm2o7jyq0c1
441,1700150090.0,"The most successful shipwreck hunter in modern times, perhaps in all of history, is a 43-year-old hedge fund executive who rarely leaves dry land",,fantasyfootballthrow,2291,0.91,62,https://www.bloomberg.com/features/2023-deep-sea-treasure-hunter-hedge-funds
442,1700207323.0,"French Fisherman Finds Message In A Bottle Written By Cape Cod, Massachusetts Student in 1997.",,NotWorthyByAnyMeans,112,0.94,4,https://i.redd.it/wxt1vcda5v0c1.jpg
443,1700374005.0,Is Canada to become a poor country?,,beeucancallmepickle,0,0.34,21,https://v.redd.it/9i95khrcl71c1
444,1700169309.0,Blue Eyes Genetics: OCA2 Gene | Genes in Action,,TheMuseumOfScience,498,0.87,56,https://v.redd.it/ahekg24xzr0c1
445,1700148232.0,Letter from the Luxor hotel in Las Vegas in response to 9/11,,cuffedpant,1090,0.83,95,https://i.redd.it/l9hq9qxk9q0c1.jpeg
446,1700183831.0,"Hội An City, Vietnam where it floods like this once a year for extended period of time, every year.",,wandriing,139,0.94,9,https://www.reddit.com/gallery/17x374m
447,1700230053.0,Train ticket from Tel Aviv to Gaza (1972),,Im_Lead_Farmer,16,0.61,4,https://i.redd.it/nlolfscv0x0c1.jpeg
448,1700182100.0,Blues guitarist Hound Dog Taylor's left hand with his enormous thumb and small supernumerary finger. He had polydactyly hands so his right hand was its mirror.,,Heliocentrist,148,0.96,16,https://i.redd.it/zcvf4zwz0t0c1.png
449,1700153120.0,"Shining light into a prism, already split into a rainbow, into another prism, makes a retro logo",,Met76,608,0.97,15,https://i.redd.it/erwn93qtnq0c1.png
450,1700155523.0,How India's perfumers recreate the smell of rain on Earth,,WorldlyBlackberry819,461,0.93,21,https://v.redd.it/fj2sju09vq0c1
451,1700137463.0,Bighorn Sheep gets Cholla cactus stuck on his balls,,Dacnis,1155,0.92,52,https://v.redd.it/qa5diz3gcp0c1
452,1700166570.0,Helping my grandmother clean her house and found a mint National Geographic from 1965,,Brophymusprime,256,0.94,20,https://i.redd.it/evf2qiq3sr0c1.jpg
453,1700176646.0,Watch his beard [OC]:,,MacroLab3D,145,0.9,17,https://v.redd.it/17zx3ahgds0c1
454,1700139367.0,"I photographed the Harvest Moon with a consumer-grade camera, and revealed the mineral colors visible in the lunar surface with it",,Eclipse489,223,0.93,8,https://i.redd.it/tamfeoa7jp0c1.jpg
455,1700074108.0,"""Quantum Locking"" - this occurs when a superconductor becomes trapped within a magnetic field. ",,freudian_nipps,5945,0.94,261,https://v.redd.it/bvolkdh55k0c1
456,1700150482.0,Photo of the first Kentucky Derby held in 1875—the event has become the oldest continuously held sporting event in the USA.,,YUGIOH-KINGOFGAMES,89,0.77,14,https://i.redd.it/6us4uze5gq0c1.png
457,1700076206.0,when both the vibes and the skills perfectly align,,bewarethechameleon,4257,0.9,142,https://v.redd.it/haxoq0u19k0c1
458,1700101081.0,"A housewife poses with a week's worth of groceries in 1947. She spent $12.50 a week to buy all her groceries except milk. On this she managed to feed herself, her husband, her four-year-old twins and the family cat. (Robert Wheeler Time & Life Pictures)",,Admirable-Quantity14,1002,0.89,268,https://i.redd.it/l6s9c0qnkj0c1.jpg
459,1700099200.0,My Pop Pop aka The Bear Man. Never have I met anyone else so connected with wildlife.,,Reasonable_Pattern_2,1101,0.84,80,https://www.reddit.com/gallery/17wal82
460,1700088700.0,Bighorn sheep opening up and eating a california barrel cactus,,colapepsikinnie,1601,0.98,48,https://v.redd.it/jvyi6htfcl0c1
461,1700094788.0,Building a pressure sensitive coffee table,,Black_RL,973,0.94,42,https://v.redd.it/swu9xnkehj0c1
462,1700088093.0,"An extreme macro video of a marker. Fascinating, but I also kind of hate it.",,Ayen_C,1272,0.83,109,https://v.redd.it/i4esj8rcal0c1
463,1700079399.0,Jumping Sunny D cap!? I set the cap on this freshly emptied Sunny D jug while I put the lid on my cup and it started jumping! It did this like 10 times before it finally jumped high enough it fell off!,,WinAccomplished5528,1968,0.93,186,https://v.redd.it/ig9qai4wkk0c1
464,1700104633.0,"New Zealand was the last major landmass on Earth to be settled by humans, with the Māori only reaching its shores around 1200 CE",,cjfullinfaw07,527,0.95,91,https://i.redd.it/8vrovdnxnm0c1.jpg
465,1700068068.0,Inside the Las Vegas sphere.,,SovietImposter,3058,0.94,298,https://v.redd.it/7q1j1226nj0c1
466,1700046197.0,"An arab refugee showing Document from Ottoman period (with Ottoman seal underneath) stating that Abdulfettah Monsour bought 60 acres of land in Jurish. His family owned the land since 1906. (His land is now currently ""occupied"" by an armed settler family).",,Metalloid_Emon,19319,0.79,3235,https://i.redd.it/gr6pow76uh0c1.jpg
467,1700062136.0,Why tho?! ,,Mountain_Position_62,3501,0.94,233,https://v.redd.it/1fmrtmek5j0c1
468,1700079680.0,The size of this Elks leap.,,DotComExpert,1107,0.97,61,https://v.redd.it/ul8y3b1llk0c1
469,1700097068.0,The Tiny Silky Anteater is the World's Smallest Anteater/,,EmptySpaceForAHeart,454,0.97,18,https://v.redd.it/nqbofo5w0m0c1
470,1700138765.0,"Breath-taking moment Estonian Slack Liner, Jaan Roose walked on a tightrope in Lagos, Nigeria.",,exporterofgold,51,0.78,8,https://www.reddit.com/gallery/17wm0yj
471,1700066700.0,"Tsunami of clouds, this is exactly how I pictured the apocalypse in my dreams.",,cosmosbeyondlimits,1158,0.98,38,https://v.redd.it/38ozm905jj0c1
472,1700051278.0,Celebs you didn't realize made an appearance on Miami Vice (1984-1990).,,Few_Simple9049,2430,0.95,372,https://v.redd.it/o7qef2g79i0c1
473,1700072180.0,Jane Goodall on What We Can Learn from Chimpanzees,,TheMuseumOfScience,702,0.95,30,https://v.redd.it/zyc8k0a1zj0c1
474,1700066025.0,"On September 10 1976, Trans World Airlines Flight 355 was hijacked by Croatian nationalists. This the manifesto they handed my dad (and other passengers) that day.",,Able_Hold,946,0.99,28,https://i.redd.it/5iqu4amfgj0c1.jpg
475,1700045497.0,"Banner held by the first refugees, when they arrived in holy land",,Metalloid_Emon,2865,0.83,534,https://i.redd.it/tao06y83sh0c1.jpg
476,1700099695.0,Rare Inverted Jenny U.S. Postage stamp sold at auction for record-breaking $2 million to NY collector,,NotWorthyByAnyMeans,141,0.92,23,https://i.redd.it/b44ejm599m0c1.jpg
477,1700251872.0,A skinned starfish,,LordCharizard98,0,0.4,22,https://i.redd.it/x87m3f4rty0c1.jpg
478,1700096031.0,A bank vault and it's many layers of rebar and concrete being demolished during a mall renovation (OC),,animatedhockeyfan,128,0.92,12,https://i.redd.it/a7qikmhzxl0c1.jpg
479,1700076736.0,"Zanjeer the dog saved thousands of lives during Mumbai serial blasts in March 1993 by detecting more than 3,329 kgs of the explosive RDX, 600 detonators, 249 hand grenades and 6406 rounds of live ammunition. He was buried with full military honors in 2000",,FearlessRestaurant98,254,0.96,7,https://i.redd.it/xe6ppu9zck0c1.jpg
480,1700115362.0,Size comparison between DOOM’s “Underhalls” level and the infamous “MyHouse”,,Corporal-Crow,32,0.7,4,https://i.redd.it/jn4uya8ujn0c1.jpg
481,1700088469.0,"The Sphere is cool, but the Omnimax walked so the Sphere could run. Opened in 1990 and located in The Natural History museum in Cincinnati and other cities, the Omnimax has been giving astonishing views of nature to people long before the sphere was even thought of.",,AtillaTheHero,111,0.9,9,https://www.reddit.com/gallery/17w6c03
482,1700094777.0,Building a pressure sensitive coffee table,,Black_RL,76,0.78,6,https://v.redd.it/swu9xnkehj0c1
483,1700064147.0,"Volcano eruption is imminent! the Icelandic government have started building a wall five km long and eight meters high, to protect a power station and the Blue Lagoon.",,Einn1Tveir2,306,0.96,43,https://i.redd.it/yab22fp6bj0c1.jpg
484,1700017376.0,Airline cabins in the 70s vs today.,,anonymous_7476,3138,0.81,275,https://www.reddit.com/gallery/17vk0vp
485,1700088114.0,"I revisited film location from Michael Jackson's ""Black or White"" music video.",,PhilGrishayev,68,0.67,15,https://i.redd.it/mzmn90wqal0c1.jpg
486,1700014318.0,How they make it rain the UAE,,urmomsloosevag,3032,0.82,262,https://v.redd.it/a7sz0hsd7f0c1
487,1700067086.0,"TIL the 2001 World Series had to be postponed 7 weeks after 9/11. The game was marked by George Bush throwing the first pitch, secret service agents dressed as umpires, bomb sniffing dogs, and snipers positioned in the stadium. Sports Illustrated called it the postseason game of the decade.",,YUGIOH-KINGOFGAMES,178,0.86,20,https://i.redd.it/tmrovxa9kj0c1.png
488,1700042658.0,Huh I didn't know this?! Did you?! ,,Winnin_Dylan_,576,0.94,26,https://v.redd.it/xm8760bnjh0c1
489,1700070166.0,Ancient Roman Hand-Carved Marble HeadStone For Dog (Patrician Way Of Saying Good Bye) Translation On 2nd Page Image,,RomanVsGauls,110,0.97,5,https://www.reddit.com/gallery/17vz2bj
490,1700092070.0,"""An astronaut aboard the International Space Station took this nadir (downward-looking) photograph of Parinacota and Pomerape, twin volcanoes in the Andes Mountains"" on June 19, 2023. They ""compose the Nevados de Payachata volcanic group and form part of the border between Chile and Bolivia.""",,throwaway16830261,34,0.78,2,https://eol.jsc.nasa.gov/DatabaseImages/ESC/large/ISS069/ISS069-E-23100.JPG
491,1700051474.0,Printing beautiful patterns onto scarves through water marbling,,External_Industry739,258,0.9,7,https://v.redd.it/wn3ydq6q9i0c1
492,1699973539.0,Knocking down a tower with a sledgehammer ,,smooth_vesselHPAUM,13760,0.92,864,https://v.redd.it/k5dslnf4ub0c1
493,1700019243.0,Crow outsmart to Turkey Vultures to get water.,,EmptySpaceForAHeart,996,0.96,18,https://v.redd.it/5kymf9qwlf0c1
494,1700030665.0,How big some redwoods actually are,,Koiboi123456789,526,0.94,62,https://i.redd.it/1f5g00pzjg0c1.jpg
495,1700020800.0,Experiencing earthquake underwater. ,,Mountain_Position_62,659,0.89,27,https://v.redd.it/25s5gh2nqf0c1
496,1700056060.0,"Mario, Luigi and Yoshi sculptures made entirely out of cans",,UrameshiYuusuke,103,0.88,7,https://i.redd.it/8vifflqhni0c1.jpg
497,1700015375.0,Was just reviewing my brain MRI and came across an MRI image of my face,,HyggeSmalls,753,0.93,124,https://i.redd.it/5ve1v3ziaf0c1.jpg
498,1700006163.0,Christian Palestinians rallying in one of the oldest Churches in history ,,Hasu_Kay,794,0.76,345,https://v.redd.it/90axiy74je0c1
499,1700006005.0,How Often Do You Think About Ancient Greece?,,,373,0.85,47,https://v.redd.it/uje21aibie0c1
